model,split,epoch,train_loss,train_auc,train_f1,val_loss,val_auc,val_mcc,val_kappa,val_f1_binary,val_f1_macro,val_accuracy,val_sensitivity,val_specificity,val_ppv,val_npv,val_balanced_accuracy,per_class_precision,per_class_recall,per_class_f1,per_class_accuracy
base-densenet,1,32,0.093999683834069,0.9977570591187324,0.9657228017883756,0.8816958483976002,0.7698963844797178,0.3187276291558383,0.3018867924528302,0.4477611940298507,0.6444814553840241,0.7533333333333333,0.3571428571428571,0.9074074074074074,0.6,0.784,0.6322751322751323,"[0.784, 0.6]","[0.9074074074074074, 0.35714285714285715]","[0.8412017167381974, 0.44776119402985076]","[0.9074074074074074, 0.35714285714285715]"
base-densenet,2,7,0.5496796359387095,0.7674011067841771,0.5374592833876222,0.5428408018747966,0.7965365585486531,0.4059449228486601,0.396351038109718,0.592964824120603,0.6949786526618053,0.7290969899665551,0.6941176470588235,0.7429906542056075,0.5175438596491229,0.8594594594594595,0.7185541506322155,"[0.8594594594594595, 0.5175438596491229]","[0.7429906542056075, 0.6941176470588235]","[0.7969924812030075, 0.592964824120603]","[0.7429906542056075, 0.6941176470588235]"
base-densenet,3,4,0.581774183225116,0.7334797001766695,0.4911147011308562,0.566529252935176,0.7564935064935066,0.3923966492108018,0.3911995809324253,0.5806451612903226,0.6952006294256492,0.738255033557047,0.6136363636363636,0.7904761904761904,0.5510204081632653,0.83,0.702056277056277,"[0.83, 0.5510204081632653]","[0.7904761904761904, 0.6136363636363636]","[0.8097560975609757, 0.5806451612903226]","[0.7904761904761904, 0.6136363636363636]"
base-densenet,4,9,0.505880927573578,0.8148749716703181,0.5943396226415094,0.5807692903927923,0.777418659771601,0.4253769730285024,0.4244005328596802,0.575,0.7119444444444445,0.7770491803278688,0.5476190476190477,0.8642533936651584,0.6052631578947368,0.834061135371179,0.705936220642103,"[0.834061135371179, 0.6052631578947368]","[0.8642533936651584, 0.5476190476190477]","[0.8488888888888889, 0.575]","[0.8642533936651584, 0.5476190476190477]"
base-densenet,5,15,0.3765918751326257,0.8788185326344256,0.7424,0.5374428267721962,0.815086782376502,0.4343397925119417,0.4342083539706125,0.5964912280701754,0.7170691434468524,0.7684563758389261,0.6071428571428571,0.8317757009345794,0.5862068965517241,0.8436018957345972,0.7194592790387182,"[0.8436018957345972, 0.5862068965517241]","[0.8317757009345794, 0.6071428571428571]","[0.8376470588235294, 0.5964912280701754]","[0.8317757009345794, 0.6071428571428571]"
base-efficientnet,1,18,0.7491506935045497,0.774101372734442,0.5581395348837209,0.8992718901756841,0.7148368606701939,0.2589661986891186,0.2452830188679244,0.4029850746268656,0.6156556274421882,0.7333333333333333,0.3214285714285714,0.8935185185185185,0.54,0.772,0.607473544973545,"[0.772, 0.54]","[0.8935185185185185, 0.32142857142857145]","[0.8283261802575107, 0.40298507462686567]","[0.8935185185185185, 0.32142857142857145]"
base-efficientnet,2,41,0.1572625499623905,0.9849012775842044,0.9098837209302324,1.27441808599205,0.7032985156679494,0.2836936886309651,0.2757221582995215,0.4444444444444444,0.6341164953499755,0.7324414715719063,0.3764705882352941,0.8738317757009346,0.5423728813559322,0.7791666666666667,0.6251511819681144,"[0.7791666666666667, 0.5423728813559322]","[0.8738317757009346, 0.3764705882352941]","[0.8237885462555066, 0.4444444444444444]","[0.8738317757009346, 0.3764705882352941]"
base-efficientnet,3,22,0.5989159068838205,0.8419718358175674,0.6217765042979942,1.2249419502596972,0.6703463203463204,0.1957269850904937,0.1941360660404212,0.4099378881987577,0.5957735418005283,0.6812080536912751,0.375,0.8095238095238095,0.4520547945205479,0.7555555555555555,0.5922619047619048,"[0.7555555555555555, 0.4520547945205479]","[0.8095238095238095, 0.375]","[0.7816091954022989, 0.40993788819875776]","[0.8095238095238095, 0.375]"
base-efficientnet,4,44,0.1439121839473835,0.987129739641638,0.9183673469387756,1.2740852357474426,0.6612798965740142,0.2224682055407728,0.2224607540587683,0.4378698224852071,0.6112251606757102,0.6885245901639344,0.4404761904761904,0.7828054298642534,0.4352941176470588,0.7863636363636364,0.611640810170222,"[0.7863636363636364, 0.43529411764705883]","[0.7828054298642534, 0.44047619047619047]","[0.7845804988662132, 0.4378698224852071]","[0.7828054298642534, 0.44047619047619047]"
base-efficientnet,5,36,0.2342566256224586,0.9632392260244343,0.8579881656804734,1.071178726607292,0.6995438362260793,0.2352396724880152,0.2251738612868867,0.3941605839416058,0.6066663486156831,0.7214765100671141,0.3214285714285714,0.8785046728971962,0.5094339622641509,0.7673469387755102,0.5999666221628839,"[0.7673469387755102, 0.5094339622641509]","[0.8785046728971962, 0.32142857142857145]","[0.8191721132897604, 0.39416058394160586]","[0.8785046728971962, 0.32142857142857145]"
base-efficientnet-b7,1,23,1.4987056354839543,0.7169302776535493,0.5034013605442177,2.1120163795301536,0.7385912698412698,0.0644093182455265,0.0336516598453843,0.086021505376344,0.4591843227078959,0.7166666666666667,0.0476190476190476,0.976851851851852,0.4444444444444444,0.7250859106529209,0.5122354497354498,"[0.7250859106529209, 0.4444444444444444]","[0.9768518518518519, 0.047619047619047616]","[0.8323471400394478, 0.08602150537634409]","[0.9768518518518519, 0.047619047619047616]"
base-efficientnet-b7,2,19,1.837585792612063,0.6310685249709641,0.4132450331125827,0.8603531403666935,0.7848268279274326,0.4099092744818381,0.3703288825163545,0.5982905982905983,0.6700244200244201,0.68561872909699,0.8235294117647058,0.6308411214953271,0.4697986577181208,0.9,0.7271852666300165,"[0.9, 0.4697986577181208]","[0.6308411214953271, 0.8235294117647058]","[0.7417582417582418, 0.5982905982905983]","[0.6308411214953271, 0.8235294117647058]"
base-efficientnet-b7,3,21,1.3283583796980374,0.7341469271539082,0.5123287671232877,1.2514613420814251,0.6689393939393938,0.2532031711708741,0.2391905185740385,0.5112107623318386,0.6094927806297263,0.6342281879194631,0.6477272727272727,0.6285714285714286,0.4222222222222222,0.8098159509202454,0.6381493506493506,"[0.8098159509202454, 0.4222222222222222]","[0.6285714285714286, 0.6477272727272727]","[0.707774798927614, 0.5112107623318386]","[0.6285714285714286, 0.6477272727272727]"
base-efficientnet-b7,4,36,0.3646781500705973,0.9647012162876786,0.86,1.99328977728507,0.7279142426201249,0.2655824829600334,0.2608974920440279,0.4353741496598639,0.6280542454562819,0.7278688524590164,0.3809523809523809,0.8597285067873304,0.5079365079365079,0.7851239669421488,0.6203404438698557,"[0.7851239669421488, 0.5079365079365079]","[0.8597285067873304, 0.38095238095238093]","[0.8207343412526998, 0.43537414965986393]","[0.8597285067873304, 0.38095238095238093]"
base-efficientnet-b7,5,19,1.844103113258096,0.623264225939285,0.4143426294820717,1.1810577185855948,0.7422674677347574,0.1312007706289952,0.0338446939743791,0.0465116279069767,0.4428636570907432,0.7248322147651006,0.0238095238095238,1.0,1.0,0.722972972972973,0.5119047619047619,"[0.722972972972973, 1.0]","[1.0, 0.023809523809523808]","[0.8392156862745098, 0.046511627906976744]","[1.0, 0.023809523809523808]"
base-efficientnet-b8,1,36,0.3692460018021818,0.964891318077694,0.8567335243553008,1.9600652137092485,0.712852733686067,0.2138443426239282,0.2009132420091324,0.3636363636363636,0.592074592074592,0.72,0.2857142857142857,0.8888888888888888,0.5,0.7619047619047619,0.5873015873015872,"[0.7619047619047619, 0.5]","[0.8888888888888888, 0.2857142857142857]","[0.8205128205128205, 0.36363636363636365]","[0.8888888888888888, 0.2857142857142857]"
base-efficientnet-b8,2,17,2.4341086673599537,0.5584375213500035,0.3805774278215223,0.7496394083017109,0.7377680043980208,0.2483728488533771,0.1851130853360706,0.2803738317757009,0.5617755105925347,0.7424749163879598,0.1764705882352941,0.9672897196261684,0.6818181818181818,0.7472924187725631,0.5718801539307312,"[0.7472924187725631, 0.6818181818181818]","[0.9672897196261683, 0.17647058823529413]","[0.8431771894093686, 0.2803738317757009]","[0.9672897196261683, 0.17647058823529413]"
base-efficientnet-b8,3,18,1.945624148028128,0.6305432153822403,0.4304461942257218,2.1063621846264,0.7585497835497835,0.2061581977540609,0.1096050138463782,0.1632653061224489,0.4993033357921481,0.7248322147651006,0.0909090909090909,0.9904761904761904,0.8,0.7222222222222222,0.5406926406926407,"[0.7222222222222222, 0.8]","[0.9904761904761905, 0.09090909090909091]","[0.8353413654618473, 0.16326530612244897]","[0.9904761904761905, 0.09090909090909091]"
base-efficientnet-b8,4,19,1.6307500793642054,0.674579518841814,0.4671140939597315,1.0289061049302255,0.6855742296918768,0.2578441122547565,0.246070612378154,0.4952380952380952,0.6151190476190476,0.6524590163934426,0.6190476190476191,0.665158371040724,0.4126984126984127,0.8212290502793296,0.6421029950441715,"[0.8212290502793296, 0.4126984126984127]","[0.665158371040724, 0.6190476190476191]","[0.735, 0.49523809523809526]","[0.665158371040724, 0.6190476190476191]"
base-efficientnet-b8,5,17,2.320032892163041,0.554502539160289,0.3550913838120104,0.748261335074333,0.7313084112149534,0.2723000436346257,0.1982375419168682,0.5174825174825175,0.5361606135799684,0.5369127516778524,0.8809523809523809,0.4018691588785046,0.3663366336633663,0.8958333333333334,0.6414107699154428,"[0.8958333333333334, 0.36633663366336633]","[0.40186915887850466, 0.8809523809523809]","[0.5548387096774193, 0.5174825174825175]","[0.40186915887850466, 0.8809523809523809]"
base-resnet,1,2,0.6093871514002482,0.6924815392651211,0.3518518518518518,0.5689758189022541,0.7562279541446209,0.3837071069351724,0.3822923816060398,0.5443037974683544,0.6907039349332722,0.76,0.5119047619047619,0.8564814814814815,0.581081081081081,0.8185840707964602,0.6841931216931216,"[0.8185840707964602, 0.581081081081081]","[0.8564814814814815, 0.5119047619047619]","[0.8371040723981901, 0.5443037974683544]","[0.8564814814814815, 0.5119047619047619]"
base-resnet,2,9,0.3773241491179399,0.8974892395982783,0.746268656716418,0.7912725747279182,0.7929631665750412,0.3260769042064698,0.2868689545514774,0.4098360655737705,0.6292877806860449,0.7591973244147158,0.2941176470588235,0.9439252336448598,0.6756756756756757,0.7709923664122137,0.6190214403518417,"[0.7709923664122137, 0.6756756756756757]","[0.9439252336448598, 0.29411764705882354]","[0.8487394957983193, 0.4098360655737705]","[0.9439252336448598, 0.29411764705882354]"
base-resnet,3,2,0.6060062676866519,0.6925267148076362,0.3763837638376384,0.5763581243887443,0.7479978354978355,0.3048285972482584,0.3019881170018282,0.4875,0.6497133027522936,0.7248322147651006,0.4431818181818182,0.8428571428571429,0.5416666666666666,0.7831858407079646,0.6430194805194805,"[0.7831858407079646, 0.5416666666666666]","[0.8428571428571429, 0.4431818181818182]","[0.8119266055045872, 0.4875]","[0.8428571428571429, 0.4431818181818182]"
base-resnet,4,5,0.5552333181094764,0.765838867636858,0.5433715220949263,0.5988191712428542,0.7735940530058177,0.4083007504152512,0.3715751172679847,0.591304347826087,0.6719679633867277,0.6918032786885245,0.8095238095238095,0.6470588235294118,0.4657534246575342,0.89937106918239,0.7282913165266107,"[0.89937106918239, 0.4657534246575342]","[0.6470588235294118, 0.8095238095238095]","[0.7526315789473684, 0.591304347826087]","[0.6470588235294118, 0.8095238095238095]"
base-resnet,5,3,0.6017852195983322,0.6982639704905637,0.3622350674373796,0.5828478570352464,0.783433466844682,0.3922138535874752,0.3608689636086897,0.5866666666666667,0.6679964061096136,0.6879194630872483,0.7857142857142857,0.6495327102803738,0.4680851063829787,0.8853503184713376,0.7176234979973297,"[0.8853503184713376, 0.46808510638297873]","[0.6495327102803738, 0.7857142857142857]","[0.7493261455525606, 0.5866666666666667]","[0.6495327102803738, 0.7857142857142857]"
base-vit,1,21,0.6931471466024717,0.4956984695427746,0.0,0.6931471618016561,0.6203703703703705,0.0,0.0,0.0,0.4186046511627907,0.72,0.0,1.0,0.0,0.72,0.5,"[0.72, 0.0]","[1.0, 0.0]","[0.8372093023255814, 0.0]","[1.0, 0.0]"
base-vit,2,9,0.69314730494669,0.5182943909271025,0.4412719013627514,0.6931472762425741,0.6400769653655854,0.0,0.0,0.4427083333333333,0.2213541666666666,0.2842809364548495,1.0,0.0,0.2842809364548495,0.0,0.5,"[0.0, 0.2842809364548495]","[0.0, 1.0]","[0.0, 0.4427083333333333]","[0.0, 1.0]"
base-vit,3,4,0.6931476400616562,0.5729112708186823,0.437946718648473,0.693147504889725,0.6235119047619049,0.0,0.0,0.4559585492227979,0.2279792746113989,0.2953020134228188,1.0,0.0,0.2953020134228188,0.0,0.5,"[0.0, 0.2953020134228188]","[0.0, 1.0]","[0.0, 0.45595854922279794]","[0.0, 1.0]"
base-vit,4,1,0.697609614070044,0.5130110502929117,0.0,0.6921505624172735,0.608247145011851,0.0,0.0,0.0,0.4201520912547528,0.7245901639344262,0.0,1.0,0.0,0.7245901639344262,0.5,"[0.7245901639344262, 0.0]","[1.0, 0.0]","[0.8403041825095057, 0.0]","[1.0, 0.0]"
base-vit,5,21,0.6931473433277174,0.4917660362192226,0.4419961114711601,0.6931472716715512,0.5775478415665332,0.0,0.0,0.4397905759162304,0.2198952879581152,0.2818791946308724,1.0,0.0,0.2818791946308724,0.0,0.5,"[0.0, 0.28187919463087246]","[0.0, 1.0]","[0.0, 0.4397905759162304]","[0.0, 1.0]"
config1,1,22,0.5209507748360435,0.799849105042691,0.5990491283676703,0.5010776077707608,0.8253417107583775,0.4888733206079747,0.4884702825592725,0.6358381502890174,0.74414858334123,0.79,0.6547619047619048,0.8425925925925926,0.6179775280898876,0.8625592417061612,0.7486772486772486,"[0.8625592417061612, 0.6179775280898876]","[0.8425925925925926, 0.6547619047619048]","[0.8524590163934426, 0.6358381502890174]","[0.8425925925925926, 0.6547619047619048]"
config1,2,31,0.4536238165817126,0.8544476327116212,0.6572769953051644,0.5345639409124852,0.8129741616272677,0.4316491008735134,0.418731697713906,0.6108374384236454,0.7054187192118226,0.7357859531772575,0.7294117647058823,0.7383177570093458,0.5254237288135594,0.8729281767955801,0.7338647608576141,"[0.8729281767955801, 0.5254237288135594]","[0.7383177570093458, 0.7294117647058823]","[0.8, 0.6108374384236454]","[0.7383177570093458, 0.7294117647058823]"
config1,3,34,0.4197116715650689,0.8772165142964958,0.6853582554517134,0.6393219856139047,0.7894480519480519,0.3633426688778782,0.3566343797409266,0.5194805194805194,0.6760298525004407,0.7516778523489933,0.4545454545454545,0.8761904761904762,0.6060606060606061,0.7931034482758621,0.6653679653679654,"[0.7931034482758621, 0.6060606060606061]","[0.8761904761904762, 0.45454545454545453]","[0.832579185520362, 0.5194805194805194]","[0.8761904761904762, 0.45454545454545453]"
config1,4,14,0.5684335582132722,0.7550117782798904,0.5048231511254019,0.7045219484107946,0.7965955613014437,0.3160831684497264,0.2331219274214733,0.5314685314685315,0.5589441422774757,0.5606557377049181,0.9047619047619048,0.4298642533936652,0.3762376237623762,0.9223300970873788,0.667313079077785,"[0.9223300970873787, 0.37623762376237624]","[0.4298642533936652, 0.9047619047619048]","[0.5864197530864198, 0.5314685314685315]","[0.4298642533936652, 0.9047619047619048]"
config1,5,53,0.3119076728083181,0.9346936829234233,0.7800586510263929,0.4803472410687464,0.8302736982643525,0.4788214993432972,0.478550462858433,0.6219512195121951,0.7392163504968383,0.7919463087248322,0.6071428571428571,0.8644859813084113,0.6375,0.8486238532110092,0.7358144192256342,"[0.8486238532110092, 0.6375]","[0.8644859813084113, 0.6071428571428571]","[0.8564814814814815, 0.6219512195121951]","[0.8644859813084113, 0.6071428571428571]"
config2,1,15,0.5511363787949085,0.7699193292343617,0.5422222222222223,0.5960306152701378,0.7620149911816579,0.3146725540633009,0.2961711711711712,0.5370370370370371,0.6383101851851852,0.6666666666666666,0.6904761904761905,0.6574074074074074,0.4393939393939394,0.8452380952380952,0.673941798941799,"[0.8452380952380952, 0.4393939393939394]","[0.6574074074074074, 0.6904761904761905]","[0.7395833333333334, 0.5370370370370371]","[0.6574074074074074, 0.6904761904761905]"
config2,2,22,0.5364927595819095,0.7854615016738403,0.5723076923076923,0.5838972812145948,0.8036283672347444,0.3618085444994299,0.3190855741438206,0.5702479338842975,0.6390565512118116,0.6521739130434783,0.8117647058823529,0.5887850467289719,0.4394904458598726,0.8873239436619719,0.7002748763056624,"[0.8873239436619719, 0.4394904458598726]","[0.5887850467289719, 0.8117647058823529]","[0.7078651685393258, 0.5702479338842975]","[0.5887850467289719, 0.8117647058823529]"
config2,3,15,0.5382574525306904,0.7777225090478722,0.5466237942122186,0.6223691368613067,0.7588203463203463,0.34117062330559,0.3146149291797605,0.5665236051502146,0.6441433452748317,0.6610738255033557,0.75,0.6238095238095238,0.4551724137931034,0.8562091503267973,0.6869047619047619,"[0.8562091503267973, 0.45517241379310347]","[0.6238095238095238, 0.75]","[0.721763085399449, 0.5665236051502146]","[0.6238095238095238, 0.75]"
config2,4,25,0.4724956243594853,0.8449387735479751,0.6273291925465838,0.5738274171169288,0.7901853048911873,0.4166628635673195,0.3812296021875275,0.5964912280701754,0.6778267658675484,0.6983606557377049,0.8095238095238095,0.6561085972850679,0.4722222222222222,0.9006211180124224,0.7328162034044388,"[0.9006211180124224, 0.4722222222222222]","[0.6561085972850679, 0.8095238095238095]","[0.7591623036649214, 0.5964912280701754]","[0.6561085972850679, 0.8095238095238095]"
config2,5,10,0.5955444935603864,0.7136147356446335,0.450261780104712,0.5543794125918574,0.7852692478860703,0.4187294438922246,0.3911511906439341,0.6027397260273972,0.6859852476290833,0.7080536912751678,0.7857142857142857,0.677570093457944,0.4888888888888889,0.8895705521472392,0.7316421895861148,"[0.8895705521472392, 0.4888888888888889]","[0.677570093457944, 0.7857142857142857]","[0.7692307692307693, 0.6027397260273972]","[0.677570093457944, 0.7857142857142857]"
config3,1,12,0.6940867448846499,0.4637630198109375,0.3546511627906977,0.6931380144755046,0.623208774250441,0.0,0.0,0.0,0.4186046511627907,0.72,0.0,1.0,0.0,0.72,0.5,"[0.72, 0.0]","[1.0, 0.0]","[0.8372093023255814, 0.0]","[1.0, 0.0]"
config3,2,40,0.6931419757360626,0.5667571906811506,0.0,0.693140059709549,0.6748488180318857,0.0,0.0,0.0,0.4171539961013645,0.7157190635451505,0.0,1.0,0.0,0.7157190635451505,0.5,"[0.7157190635451505, 0.0]","[1.0, 0.0]","[0.834307992202729, 0.0]","[1.0, 0.0]"
config3,3,10,0.6931473722870457,0.5649954546234199,0.4452054794520548,0.6931477593095511,0.6323051948051949,0.0,0.0,0.4559585492227979,0.2279792746113989,0.2953020134228188,1.0,0.0,0.2953020134228188,0.0,0.5,"[0.0, 0.2953020134228188]","[0.0, 1.0]","[0.0, 0.45595854922279794]","[0.0, 1.0]"
config3,4,79,0.5448866097075883,0.7615945661953065,0.5887850467289719,0.6314013191297942,0.6827731092436975,0.2625135944635778,0.2262102811512226,0.5080645161290323,0.5855239707716984,0.6,0.75,0.5429864253393665,0.3841463414634146,0.851063829787234,0.6464932126696832,"[0.851063829787234, 0.38414634146341464]","[0.5429864253393665, 0.75]","[0.6629834254143646, 0.5080645161290323]","[0.5429864253393665, 0.75]"
config3,5,97,0.536279877539284,0.7755252877204096,0.612859097127223,0.5599797430054453,0.7696929238985314,0.3800961683573703,0.3615617928843098,0.5781990521327014,0.6735151104819351,0.7013422818791947,0.7261904761904762,0.6915887850467289,0.4803149606299212,0.8654970760233918,0.7088896306186026,"[0.8654970760233918, 0.48031496062992124]","[0.6915887850467289, 0.7261904761904762]","[0.7688311688311689, 0.5781990521327014]","[0.6915887850467289, 0.7261904761904762]"
config4,1,43,0.7034044630840072,0.7441238021432546,0.5106382978723404,0.8591453509770023,0.7169312169312169,0.2683344744378892,0.2677111716621253,0.4625,0.6335227272727273,0.7133333333333334,0.4404761904761904,0.8194444444444444,0.4868421052631579,0.7901785714285714,0.6299603174603174,"[0.7901785714285714, 0.4868421052631579]","[0.8194444444444444, 0.44047619047619047]","[0.8045454545454546, 0.4625]","[0.8194444444444444, 0.44047619047619047]"
config4,2,99,0.343771214571092,0.9391815262690442,0.8011283497884344,0.9723973648496516,0.7279274326553051,0.2831711084429065,0.2830136069596252,0.4819277108433735,0.6414268183846497,0.7123745819397993,0.4705882352941176,0.8084112149532711,0.4938271604938271,0.7935779816513762,0.6394997251236944,"[0.7935779816513762, 0.49382716049382713]","[0.8084112149532711, 0.47058823529411764]","[0.8009259259259259, 0.4819277108433735]","[0.8084112149532711, 0.47058823529411764]"
config4,3,42,0.800557347497641,0.7127630743898046,0.4828571428571429,0.78273288468399,0.727922077922078,0.2152320830668481,0.2116402116402117,0.4129032258064516,0.6032770097286226,0.6946308724832215,0.3636363636363636,0.8333333333333334,0.4776119402985074,0.7575757575757576,0.5984848484848485,"[0.7575757575757576, 0.47761194029850745]","[0.8333333333333334, 0.36363636363636365]","[0.7936507936507936, 0.4129032258064516]","[0.8333333333333334, 0.36363636363636365]"
config4,4,32,0.8933047566977158,0.6482002925683519,0.4305555555555556,1.0142151595635196,0.6986102133160957,0.3144918385911334,0.3126056446242892,0.5164835164835165,0.6554380199240013,0.7114754098360656,0.5595238095238095,0.7692307692307693,0.4795918367346938,0.821256038647343,0.6643772893772895,"[0.821256038647343, 0.47959183673469385]","[0.7692307692307693, 0.5595238095238095]","[0.794392523364486, 0.5164835164835165]","[0.7692307692307693, 0.5595238095238095]"
config4,5,24,1.0512776124270202,0.584051144239972,0.3486486486486486,0.6923140943947769,0.7252447708055185,0.254736283476748,0.254406914591152,0.4567901234567901,0.6270125732491324,0.7046979865771812,0.4404761904761904,0.8084112149532711,0.4743589743589743,0.7863636363636364,0.6244437027147307,"[0.7863636363636364, 0.47435897435897434]","[0.8084112149532711, 0.44047619047619047]","[0.7972350230414746, 0.4567901234567901]","[0.8084112149532711, 0.44047619047619047]"
config5,1,30,1.8395230132238796,0.5593833107446086,0.3552123552123552,1.0710137742979895,0.7336309523809524,0.0,0.0,0.0,0.4186046511627907,0.72,0.0,1.0,0.0,0.72,0.5,"[0.72, 0.0]","[1.0, 0.0]","[0.8372093023255814, 0.0]","[1.0, 0.0]"
config5,2,29,1.846487686394152,0.5685249709639953,0.3683527885862516,0.7539992560568978,0.7701484332050578,0.3460091816207774,0.3257540167246077,0.5596330275229358,0.6535007242877837,0.6789297658862876,0.7176470588235294,0.6635514018691588,0.4586466165413533,0.8554216867469879,0.6905992303463442,"[0.8554216867469879, 0.45864661654135336]","[0.6635514018691588, 0.7176470588235294]","[0.7473684210526316, 0.5596330275229358]","[0.6635514018691588, 0.7176470588235294]"
config5,3,26,2.0749163088975853,0.5413028936038833,0.3337679269882659,0.669166581514971,0.7272186147186147,0.2924772857351763,0.2900035866167956,0.5181347150259067,0.643682742128338,0.6879194630872483,0.5681818181818182,0.7380952380952381,0.4761904761904761,0.8031088082901554,0.6531385281385282,"[0.8031088082901554, 0.47619047619047616]","[0.7380952380952381, 0.5681818181818182]","[0.7692307692307693, 0.5181347150259067]","[0.7380952380952381, 0.5681818181818182]"
config5,4,29,1.6038630348202696,0.6286820001785628,0.4130718954248366,0.7752173696153833,0.7295302736479207,0.3672636038262354,0.3607131408280521,0.5595854922279793,0.677874280886172,0.7213114754098361,0.6428571428571429,0.751131221719457,0.4954128440366973,0.8469387755102041,0.6969941822882999,"[0.8469387755102041, 0.4954128440366973]","[0.751131221719457, 0.6428571428571429]","[0.7961630695443646, 0.5595854922279793]","[0.751131221719457, 0.6428571428571429]"
config5,5,29,1.7161258992749984,0.5862190523874238,0.3756476683937824,0.6181294394506851,0.7377614597240765,0.0,0.0,0.0,0.41796875,0.7181208053691275,0.0,1.0,0.0,0.7181208053691275,0.5,"[0.7181208053691275, 0.0]","[1.0, 0.0]","[0.8359375, 0.0]","[1.0, 0.0]"
config6,1,32,1.308986100528034,0.7402370621229759,0.5067750677506775,2.488477851426289,0.6925154320987654,0.3052277210389937,0.2810188989317994,0.5333333333333333,0.6266666666666667,0.65,0.7142857142857143,0.625,0.425531914893617,0.8490566037735849,0.6696428571428572,"[0.8490566037735849, 0.425531914893617]","[0.625, 0.7142857142857143]","[0.72, 0.5333333333333333]","[0.625, 0.7142857142857143]"
config6,2,25,2.0302991402911905,0.5605656896905102,0.3450980392156862,0.893396994532477,0.7622319956019791,0.3483148720137077,0.3001868115350754,0.5622489959839357,0.6249640395392457,0.6354515050167224,0.8235294117647058,0.5607476635514018,0.4268292682926829,0.8888888888888888,0.6921385376580538,"[0.8888888888888888, 0.4268292682926829]","[0.5607476635514018, 0.8235294117647058]","[0.6876790830945558, 0.5622489959839357]","[0.5607476635514018, 0.8235294117647058]"
config6,3,41,1.33784534287552,0.6746402291555891,0.4588859416445623,1.1697761795246728,0.7633658008658009,0.3837545125169885,0.3780113664939899,0.5829145728643216,0.6869232813943774,0.7214765100671141,0.6590909090909091,0.7476190476190476,0.5225225225225225,0.839572192513369,0.7033549783549784,"[0.839572192513369, 0.5225225225225225]","[0.7476190476190476, 0.6590909090909091]","[0.7909319899244333, 0.5829145728643216]","[0.7476190476190476, 0.6590909090909091]"
config6,4,26,1.8862582311847251,0.5844585081761179,0.3697916666666667,1.631523726462507,0.7252208575737986,0.2981595100791792,0.2956120092378753,0.4705882352941176,0.646672673445746,0.7344262295081967,0.4285714285714285,0.8506787330316742,0.5217391304347826,0.7966101694915254,0.6396250808015513,"[0.7966101694915254, 0.5217391304347826]","[0.8506787330316742, 0.42857142857142855]","[0.8227571115973742, 0.47058823529411764]","[0.8506787330316742, 0.42857142857142855]"
config6,5,25,1.7641867761855474,0.5799741826492417,0.3758212877792378,0.6968032535362156,0.7678015131286159,0.4142518837104718,0.3860273459449335,0.6,0.6829787234042553,0.7046979865771812,0.7857142857142857,0.6728971962616822,0.4852941176470588,0.8888888888888888,0.729305740987984,"[0.8888888888888888, 0.4852941176470588]","[0.6728971962616822, 0.7857142857142857]","[0.7659574468085106, 0.6]","[0.6728971962616822, 0.7857142857142857]"
config7,1,4,0.5843076662222544,0.7385147429835552,0.474025974025974,0.5794365890324116,0.7459215167548501,0.3056181794091149,0.3004866180048662,0.5208333333333334,0.647671568627451,0.6933333333333334,0.5952380952380952,0.7314814814814815,0.4629629629629629,0.8229166666666666,0.6633597883597884,"[0.8229166666666666, 0.46296296296296297]","[0.7314814814814815, 0.5952380952380952]","[0.7745098039215687, 0.5208333333333334]","[0.7314814814814815, 0.5952380952380952]"
config7,2,4,0.5948523177134614,0.7132130901140944,0.4729729729729729,0.5409531956911087,0.7848818031885652,0.3807558748872894,0.3777962751014463,0.5698924731182796,0.6878588579183631,0.7324414715719063,0.6235294117647059,0.7757009345794392,0.5247524752475248,0.8383838383838383,0.6996151731720726,"[0.8383838383838383, 0.5247524752475248]","[0.7757009345794392, 0.6235294117647059]","[0.8058252427184466, 0.5698924731182796]","[0.7757009345794392, 0.6235294117647059]"
config7,3,2,0.6103009242632623,0.6959228829694173,0.422680412371134,0.5711753355626692,0.7505952380952382,0.2974828955877993,0.2973239745558237,0.5,0.6485849056603774,0.7114093959731543,0.4886363636363636,0.8047619047619048,0.5119047619047619,0.7897196261682243,0.6466991341991342,"[0.7897196261682243, 0.5119047619047619]","[0.8047619047619048, 0.48863636363636365]","[0.7971698113207547, 0.5]","[0.8047619047619048, 0.48863636363636365]"
config7,4,7,0.5375679205467669,0.7823662323926734,0.5737439222042139,0.5975870464264957,0.7738095238095238,0.4271682520332053,0.389798834780697,0.6026200873362445,0.6818874714896446,0.7016393442622951,0.8214285714285714,0.6561085972850679,0.4758620689655172,0.90625,0.7387685843568197,"[0.90625, 0.47586206896551725]","[0.6561085972850679, 0.8214285714285714]","[0.7611548556430446, 0.6026200873362445]","[0.6561085972850679, 0.8214285714285714]"
config7,5,5,0.5613947010625421,0.7558080524248896,0.5016835016835017,0.6568927121342428,0.7882732532265243,0.4047287825984661,0.3224775715865798,0.5842696629213483,0.6234418223421332,0.62751677852349,0.9285714285714286,0.5093457943925234,0.4262295081967213,0.9478260869565216,0.7189586114819759,"[0.9478260869565217, 0.4262295081967213]","[0.5093457943925234, 0.9285714285714286]","[0.662613981762918, 0.5842696629213483]","[0.5093457943925234, 0.9285714285714286]"
config8,1,12,0.5602343810846409,0.7506443760903184,0.5032894736842105,0.5499480126798153,0.7866512345679012,0.3714667931679087,0.3608473338203068,0.5070422535211268,0.6771019127867642,0.7666666666666667,0.4285714285714285,0.8981481481481481,0.6206896551724138,0.8016528925619835,0.6633597883597884,"[0.8016528925619835, 0.6206896551724138]","[0.8981481481481481, 0.42857142857142855]","[0.8471615720524017, 0.5070422535211268]","[0.8981481481481481, 0.42857142857142855]"
config8,2,7,0.5998018117196945,0.7077645692423311,0.4317789291882556,0.5344673322389523,0.7932380428807038,0.391038703410175,0.3876286521660229,0.5775401069518716,0.6926629975148653,0.7357859531772575,0.6352941176470588,0.7757009345794392,0.5294117647058824,0.8426395939086294,0.705497526113249,"[0.8426395939086294, 0.5294117647058824]","[0.7757009345794392, 0.6352941176470588]","[0.8077858880778589, 0.5775401069518716]","[0.7757009345794392, 0.6352941176470588]"
config8,3,12,0.5415871459587838,0.7747002624311761,0.5218800648298217,0.5611477424484371,0.7727272727272727,0.3432329497715186,0.3431889044188796,0.5393258426966292,0.6715767969464007,0.7248322147651006,0.5454545454545454,0.8,0.5333333333333333,0.8076923076923077,0.6727272727272727,"[0.8076923076923077, 0.5333333333333333]","[0.8, 0.5454545454545454]","[0.8038277511961722, 0.5393258426966292]","[0.8, 0.5454545454545454]"
config8,4,11,0.5280854158277895,0.7949171399726663,0.5692068429237948,0.5816619738790334,0.7529627235509588,0.3048662061403073,0.3048244423943126,0.4939759036144578,0.6523933572126344,0.7245901639344262,0.4880952380952381,0.8144796380090498,0.5,0.8071748878923767,0.651287438052144,"[0.8071748878923767, 0.5]","[0.8144796380090498, 0.4880952380952381]","[0.8108108108108109, 0.4939759036144578]","[0.8144796380090498, 0.4880952380952381]"
config8,5,41,0.1317538643157428,0.9893460853334968,0.9303703703703704,0.9071061068445744,0.793669336893636,0.1816570361593917,0.1206845677190912,0.2,0.5193548387096775,0.7315436241610739,0.119047619047619,0.97196261682243,0.625,0.7375886524822695,0.5455051179350244,"[0.7375886524822695, 0.625]","[0.9719626168224299, 0.11904761904761904]","[0.8387096774193549, 0.2]","[0.9719626168224299, 0.11904761904761904]"
