Ensemble,Folds,Avg_Train_AUC,Avg_Train_F1,Avg_Val_AUC,Avg_Val_MCC,Avg_Val_Kappa,Avg_Val_F1_Binary,Avg_Val_F1_Macro,Avg_Val_Accuracy,Avg_Val_BalancedAccuracy,Avg_Val_Sensitivity,Avg_Val_Specificity,Avg_Val_PPV,Avg_Val_NPV,Avg_Per_Class_Precision,Avg_Per_Class_Recall,Avg_Per_Class_F1,Avg_Per_Class_Accuracy
SVM + Logistic Regression + Logistic Regression,2,0.7701934343220764,0.577978926700331,0.7764435331024115,0.37985273082373183,0.3794624858525923,0.5573310189912191,0.6895917645421252,0.7460455273839901,0.6904647876404336,0.5617647058823529,0.8191648693985143,0.5540794417606012,0.8248341991820494,"0.825, 0.554","0.819, 0.562","0.822, 0.557","0.819, 0.562"
SVM + Logistic Regression + Random Forest,2,0.8234687179230884,0.6932181801542123,0.7736792001291726,0.33404393075852323,0.3112335941017257,0.4501378676470588,0.6473622567406748,0.7577260875148659,0.6347480012199639,0.35,0.9194960024399277,0.6334929320565436,0.7810554734657948,"0.781, 0.633","0.919, 0.350","0.845, 0.450","0.919, 0.350"
SVM + Logistic Regression + SVM,2,0.7697524201716066,0.5692885010819362,0.7701991475630838,0.31611722453426183,0.2887864761801618,0.4249277566539924,0.6340345784886676,0.753555256531231,0.6229613180479041,0.3205882352941176,0.9253344008016906,0.6323252688172043,0.7744174157217636,"0.774, 0.632","0.925, 0.321","0.843, 0.425","0.925, 0.321"
Logistic Regression + Logistic Regression + Logistic Regression,2,0.7777059618043676,0.5827397126086655,0.7698457008448762,0.37794214667900466,0.35721974632980613,0.5785850614398147,0.6703064349896256,0.6959090122333209,0.707795033901411,0.7352941176470589,0.6802959501557633,0.4772117180205415,0.8664996199466157,"0.866, 0.477","0.680, 0.735","0.762, 0.579","0.680, 0.735"
SVM + Random Forest + Logistic Regression,2,0.8456964718440805,0.7175807711076674,0.7664920016761687,0.27030960027153805,0.24599459457539574,0.3918819188191882,0.6122596700837609,0.7376913026727936,0.6047877173220768,0.29705882352941176,0.912516611114742,0.5840924092409241,0.7658473281270397,"0.766, 0.584","0.913, 0.297","0.833, 0.392","0.913, 0.297"
SVM + Logistic Regression + Gradient Boosting,2,0.8229588618882187,0.6790337829910917,0.765888186854377,0.33908519584965835,0.31559975931655104,0.4530710835058661,0.6493670337195494,0.7593955365966689,0.6368040631715728,0.3529411764705882,0.9206669498725573,0.6392084675563736,0.7821654323317138,"0.782, 0.639","0.921, 0.353","0.846, 0.453","0.921, 0.353"
Logistic Regression + Logistic Regression + Random Forest,2,0.8309812454053795,0.6979789660625468,0.765400057153768,0.3710944542010789,0.37004002163209576,0.557424156774072,0.6846332503754249,0.7360120825679365,0.690555419932825,0.5852941176470587,0.7958167222185913,0.5326759917450126,0.8287279924376698,"0.829, 0.533","0.796, 0.585","0.812, 0.557","0.796, 0.585"
SVM + SVM + Logistic Regression,2,0.7557605114023476,0.5599526396436361,0.7648228489487423,0.29524058872674586,0.27084814700736093,0.4127240143369175,0.6253066092345143,0.7460371522213723,0.6159395259312797,0.31470588235294117,0.9171731695096181,0.6055128205128205,0.771388931709573,"0.771, 0.606","0.917, 0.315","0.838, 0.413","0.917, 0.315"
SVM + Random Forest + Random Forest,2,0.8989717554450924,0.8328200245615487,0.7632066211230588,0.1963515676984082,0.13484953681548667,0.21693500298151464,0.5278294213613242,0.7326606216604039,0.5515954519184316,0.1323529411764706,0.9708379626603926,0.6422222222222222,0.7383632285582878,"0.738, 0.642","0.971, 0.132","0.839, 0.217","0.971, 0.132"
Logistic Regression + Random Forest + Logistic Regression,2,0.8532089993263714,0.7223415570160019,0.7631093091442185,0.35663779295684367,0.3559622446776889,0.5446987981179454,0.6776862166722875,0.732680163706512,0.6811312473489495,0.5617647058823529,0.8004977888155458,0.5297697519698317,0.8214544076613042,"0.821, 0.530","0.800, 0.562","0.811, 0.545","0.800, 0.562"
Random Forest + Logistic Regression + Logistic Regression,2,0.8712216788769839,0.7451589021387823,0.7615597340171283,0.3430206726483133,0.3424534703675966,0.5335146880753727,0.6709492014890304,0.7285107285833133,0.6728959147870638,0.5441176470588236,0.801674182515304,0.5248052611416166,0.8156286708231679,"0.816, 0.525","0.802, 0.544","0.808, 0.534","0.802, 0.544"
Logistic Regression + Logistic Regression + SVM,2,0.7772649476538978,0.5740492869902707,0.7613340983736806,0.3744942874688408,0.37408582607120133,0.5577193919673644,0.6868951654689578,0.7401926845746255,0.6908083830225117,0.5764705882352941,0.8051461778097292,0.5401991741559388,0.8273111539235702,"0.827, 0.540","0.805, 0.576","0.816, 0.558","0.805, 0.576"
SVM + SVM + Random Forest,2,0.8090357950033595,0.6751918930975175,0.7607136564187141,0.23795637329970282,0.15926549533314233,0.23356807511737088,0.5391261412252375,0.7418467791916292,0.560673305986665,0.1411764705882353,0.9801701413850947,0.7357293868921776,0.742218725019984,"0.742, 0.736","0.980, 0.141","0.845, 0.234","0.980, 0.141"
Logistic Regression + SVM + Logistic Regression,2,0.7632730388846387,0.5647134255519707,0.7603411157286913,0.3440912200094156,0.3435305630773302,0.5329227774608182,0.6715263911583436,0.7301718025024986,0.6731708551664571,0.5411764705882354,0.8051652397446789,0.5264550264550265,0.8155739539046767,"0.816, 0.526","0.805, 0.541","0.810, 0.533","0.805, 0.541"
SVM + Gradient Boosting + Logistic Regression,2,0.8453072506261072,0.6983307727204353,0.7603312643925617,0.2591648827389971,0.2387180087087447,0.38913336853840286,0.6092656824154405,0.7335065130847958,0.6027549942269568,0.3,0.9055099884539137,0.562852242097525,0.765379419356597,"0.765, 0.563","0.906, 0.300","0.829, 0.389","0.906, 0.300"
Logistic Regression + Logistic Regression + Gradient Boosting,2,0.8304713893705098,0.6837945688994262,0.7600941755697116,0.35495160544949106,0.3544116809909058,0.5429738562091504,0.6769876195595302,0.7326731844043305,0.6802393249960594,0.5588235294117647,0.8016551205803542,0.5287925696594428,0.8208046751822315,"0.821, 0.529","0.802, 0.559","0.811, 0.543","0.802, 0.559"
SVM + Logistic Regression + KNN,2,0.7802708626203678,0.5620444532358047,0.7599548792786837,0.29118786029889815,0.27326228749472714,0.42323232323232324,0.6288177673583549,0.7426926706160211,0.6189219338477172,0.3323529411764706,0.9054909265189639,0.5828723404255318,0.7736783089989503,"0.774, 0.583","0.905, 0.332","0.834, 0.423","0.905, 0.332"
SVM + Random Forest + SVM,2,0.8452554576936105,0.7088903454892725,0.7588266530061472,0.16419855835119787,0.0931252805010862,0.1586101525249598,0.4974473236739675,0.7259884087749371,0.5345118895215102,0.0911764705882353,0.9778473084547852,0.6693404634581105,0.7305896985214964,"0.731, 0.669","0.978, 0.091","0.836, 0.159","0.978, 0.091"
Logistic Regression + Random Forest + Random Forest,2,0.9064842829273835,0.8375808104698832,0.7586212005879405,0.280356363973963,0.2624857949910875,0.4173391523935002,0.623563589924274,0.7368537864110195,0.6148522107359381,0.33235294117647063,0.8973514802954055,0.5717275883193792,0.7721312798982702,"0.772, 0.572","0.897, 0.332","0.830, 0.417","0.897, 0.332"
SVM + KNN + Logistic Regression,2,0.7798481922451137,0.5476230149430146,0.7582230784608465,0.2972283085824331,0.2784396890589845,0.42881553721763777,0.6316865619574805,0.7435385620404129,0.6212898907030298,0.3382352941176471,0.9043444872884125,0.5899186822351961,0.7749299719887955,"0.775, 0.590","0.904, 0.338","0.835, 0.429","0.904, 0.338"
SVM + SVM + SVM,2,0.7553194972518777,0.5512622140252414,0.758214540636201,0.1869006103070767,0.10099402237560073,0.15690147026552556,0.498423660569019,0.7309981518807823,0.5371219169322523,0.08823529411764705,0.9860085397468575,0.7451923076923077,0.7315989276911175,"0.732, 0.745","0.986, 0.088","0.840, 0.157","0.986, 0.088"
KNN + Logistic Regression + Logistic Regression,2,0.8079806127840762,0.5753236676647645,0.7576893603006852,0.3103468948621739,0.3102181951912147,0.5062180335955552,0.6550511120493594,0.719310612447725,0.6549355994930487,0.5058823529411764,0.8039888460449208,0.5069841599944542,0.8038868006754916,"0.804, 0.507","0.804, 0.506","0.804, 0.506","0.804, 0.506"
Naive Bayes + Logistic Regression + Random Forest,2,0.804594903447295,0.690492209036971,0.757632526901356,0.2687338891504685,0.2119164064067235,0.5187134502923976,0.5599344498713249,0.564760944941681,0.6437172342958489,0.8264705882352941,0.4609638803564037,0.37866982507288627,0.872726376982954,"0.873, 0.379","0.461, 0.826","0.601, 0.519","0.461, 0.826"
SVM + Random Forest + Gradient Boosting,2,0.8984618994102227,0.8186356273984281,0.7569511988835793,0.20973995955739066,0.16105556621348383,0.26306722689075634,0.5497251295096353,0.7326620175208403,0.5640224559204768,0.17352941176470588,0.9545155000762477,0.6107843137254902,0.7446669186493726,"0.745, 0.611","0.955, 0.174","0.836, 0.263","0.955, 0.174"
Logistic Regression + KNN + Logistic Regression,2,0.7873607197274047,0.5523838008513492,0.7565727794287442,0.3545368928090529,0.3538190766024802,0.5373552290406223,0.6766430404511357,0.7368509946901469,0.6769504684430467,0.538235294117647,0.8156656427684466,0.5387096774193548,0.8167321640367514,"0.817, 0.539","0.816, 0.538","0.816, 0.537","0.816, 0.538"
Naive Bayes + Logistic Regression + Logistic Regression,2,0.7513196198462828,0.5752529555830894,0.7564357096998657,0.24241684818397455,0.1795242681906748,0.5061232323732634,0.5285221097503896,0.5305107174164299,0.6260066463681087,0.8470588235294118,0.40495446920680567,0.3613698318945934,0.87207785564479,"0.872, 0.361","0.405, 0.847","0.551, 0.506","0.405, 0.847"
Logistic Regression + SVM + Random Forest,2,0.8165483224856507,0.6799526790058521,0.7562116598812586,0.30058066988878807,0.2822850291089112,0.43122568093385216,0.6334714997275774,0.7451982400991619,0.6233391448207282,0.3411764705882353,0.9055018190532209,0.5909613375130617,0.7761116380328079,"0.776, 0.591","0.906, 0.341","0.836, 0.431","0.906, 0.341"
Logistic Regression + Gradient Boosting + Logistic Regression,2,0.8528197781083982,0.7030915586287698,0.75593827328984,0.34320480205437137,0.34250708532325885,0.5316278284363392,0.6709603192634109,0.7301731983629349,0.6722857406474778,0.5382352941176471,0.8063361871773087,0.5272426348891095,0.8148353392629393,"0.815, 0.527","0.806, 0.538","0.810, 0.532","0.806, 0.538"
SVM + SVM + Gradient Boosting,2,0.8085259389684898,0.6610074959343969,0.7557778166491744,0.22970316404127794,0.17987383455234562,0.2807255573181932,0.5603442288520272,0.7385036934467144,0.5716503374763409,0.18529411764705883,0.9580065573056227,0.6287878787878788,0.7481196765677665,"0.748, 0.629","0.958, 0.185","0.840, 0.281","0.958, 0.185"
SVM + Gradient Boosting + Random Forest,2,0.8985825342271192,0.8135700261743167,0.7557509377190521,0.18719621502167028,0.14004178054596544,0.23106598984771576,0.5339292946151216,0.7309827974159832,0.5548636927485195,0.14705882352941177,0.9626685619676274,0.5865319865319865,0.7402357834552384,"0.740, 0.587","0.963, 0.147","0.837, 0.231","0.963, 0.147"
Random Forest + Logistic Regression + Random Forest,2,0.924496962477996,0.8603981555926636,0.7556701887996555,0.28905662812771715,0.27520081927240914,0.4329109939403478,0.6314091408865135,0.738516256190641,0.6222230445017691,0.3529411764705882,0.89150491253295,0.5662055335968379,0.7765888831924852,"0.777, 0.566","0.892, 0.353","0.830, 0.433","0.892, 0.353"
Gradient Boosting + Logistic Regression + Logistic Regression,2,0.8711278162006584,0.7198101184998147,0.7555399269046876,0.3390324409330375,0.33882886163175224,0.5275589875589876,0.6693291887881297,0.7301731983629349,0.669619504556283,0.5294117647058824,0.8098272444066836,0.5263633265167007,0.8125366910816668,"0.813, 0.526","0.810, 0.529","0.811, 0.528","0.810, 0.529"
Logistic Regression + Logistic Regression + KNN,2,0.787783390102659,0.5668052391441392,0.7552736845342672,0.3335112275868245,0.3326270881456471,0.5314221763085399,0.6659416696453163,0.7201355659655725,0.6714817274534153,0.5588235294117647,0.7841399254950656,0.5067898422820702,0.8175504452444108,"0.818, 0.507","0.784, 0.559","0.800, 0.531","0.784, 0.559"
Logistic Regression + Random Forest + Gradient Boosting,2,0.9059744268925136,0.8233964133067627,0.7547217694345236,0.2922082177186746,0.2770757381006203,0.4326058025019963,0.6319752377154138,0.7401884969933166,0.622503431148291,0.35,0.8950068622965819,0.573109243697479,0.7764517716535433,"0.776, 0.573","0.895, 0.350","0.831, 0.433","0.895, 0.350"
Logistic Regression + Random Forest + SVM,2,0.8527679851759017,0.713651131397607,0.7535748176141248,0.264497811435188,0.24419828654200554,0.39591452372328867,0.612764624556331,0.734349612788315,0.6051147816815766,0.3058823529411765,0.9043472104219767,0.5671957671957673,0.7664919067494655,"0.766, 0.567","0.904, 0.306","0.830, 0.396","0.904, 0.306"
SVM + KNN + Random Forest,2,0.8331234758461257,0.6628622683968961,0.752965364304012,0.2146423161455406,0.16203856610103357,0.2620929633129994,0.5500045811701548,0.7343342583235157,0.5634095586473267,0.16764705882352943,0.9591720584711239,0.623015873015873,0.7439868792722649,"0.744, 0.623","0.959, 0.168","0.838, 0.262","0.959, 0.168"
Random Forest + Logistic Regression + SVM,2,0.8707806647265142,0.7364684765203875,0.7515874106652007,0.26949493809096514,0.25290549302546184,0.4075720716942091,0.6185114250478685,0.735177358027035,0.6101258279927879,0.3205882352941176,0.8996634206914581,0.5604685521317012,0.7694480747163075,"0.769, 0.560","0.900, 0.321","0.829, 0.408","0.900, 0.321"
Logistic Regression + SVM + Gradient Boosting,2,0.8160384664507808,0.6657682818427315,0.7515572319379357,0.3187117283789024,0.2998105236442761,0.4460489370236662,0.6427234704104902,0.7510496870480903,0.6309711110769385,0.3529411764705882,0.9090010456832887,0.6084009448495429,0.779790253523837,"0.780, 0.608","0.909, 0.353","0.839, 0.446","0.909, 0.353"
Logistic Regression + KNN + Random Forest,2,0.8406360033284168,0.6676230543052306,0.751370344883264,0.2835794719288396,0.27087248666046077,0.4314762256521908,0.6297353252491676,0.7360134784283727,0.620472069619953,0.3529411764705882,0.8880029627693179,0.5585203153426319,0.7757672155688623,"0.776, 0.559","0.888, 0.353","0.828, 0.431","0.888, 0.353"
Naive Bayes + Logistic Regression + SVM,2,0.750878605695813,0.5665625299646948,0.7510615255186449,0.26746959025808126,0.20796117313935925,0.5180290226547586,0.5550252204501062,0.558910893853189,0.6422919622067506,0.8352941176470587,0.44928980676644226,0.37598447344734476,0.8755472170106317,"0.876, 0.376","0.449, 0.835","0.592, 0.518","0.449, 0.835"
KNN + Logistic Regression + Random Forest,2,0.8612558963850883,0.6905629211186458,0.7508738375423367,0.2942505409557187,0.2746738157432261,0.4242398825749633,0.6291641643558011,0.74269685819733,0.6198206640345179,0.33529411764705885,0.9043472104219767,0.5887278582930757,0.7743757692983999,"0.774, 0.589","0.904, 0.335","0.834, 0.424","0.904, 0.335"
SVM + Gradient Boosting + SVM,2,0.8448662364756372,0.6896403471020406,0.7507304405325297,0.16628495516597028,0.11132483612930488,0.19328703703703703,0.5140553376371559,0.7259814294727556,0.5424956205604914,0.11764705882352941,0.9673441822974533,0.6007905138339921,0.7343844183242918,"0.734, 0.601","0.967, 0.118","0.835, 0.193","0.967, 0.118"
Naive Bayes + Logistic Regression + Gradient Boosting,2,0.804085047412425,0.6763078118738503,0.7507079987082735,0.2892903574744998,0.23398336513911872,0.5295036470378935,0.5773002600333201,0.5831332600041318,0.6565431933834902,0.8264705882352941,0.48661579853168635,0.3899019910480012,0.8774496739690493,"0.877, 0.390","0.487, 0.826","0.625, 0.530","0.487, 0.826"
Logistic Regression + Gradient Boosting + Random Forest,2,0.9060950617094103,0.8183308120826513,0.7506841152250718,0.2774099765729864,0.26150361960137053,0.4175317185697809,0.6233068351678135,0.7360106867075003,0.6151518515386025,0.33529411764705885,0.8950095854301462,0.5630252100840336,0.772624269005848,"0.773, 0.563","0.895, 0.335","0.829, 0.418","0.895, 0.335"
Random Forest + Logistic Regression + Gradient Boosting,2,0.9239871064431262,0.846213758429543,0.7505701440761914,0.31108411343044806,0.29451348931192045,0.44688134378856026,0.6409275726625252,0.7460413398026812,0.6301394821048476,0.36176470588235293,0.8985142583273424,0.5929519918283963,0.7802114244847966,"0.780, 0.593","0.899, 0.362","0.835, 0.447","0.899, 0.362"
Logistic Regression + SVM + SVM,2,0.7628320247341687,0.556022999933576,0.7496116811537372,0.2937476083454233,0.2722186629878262,0.4169006669006669,0.6269399090469685,0.7452010318200346,0.6171242812529234,0.3205882352941176,0.9136603272117292,0.5962228065981353,0.7721819136727033,"0.772, 0.596","0.914, 0.321","0.837, 0.417","0.914, 0.321"
Gradient Boosting + Logistic Regression + Random Forest,2,0.9244030998016705,0.835049371953696,0.7495710103530334,0.2750954953807432,0.262140484362074,0.4227799227799228,0.6246214379853134,0.7335009296430506,0.6169495041333963,0.34705882352941175,0.886840184737381,0.5507401462457642,0.7742993973176273,"0.774, 0.551","0.887, 0.347","0.826, 0.423","0.887, 0.347"
Random Forest + SVM + Logistic Regression,2,0.8567887559572552,0.7271326150820874,0.7494251144677202,0.26374141558832803,0.24539912263201707,0.39934335825350353,0.6140008145859936,0.7335107006661046,0.6063036217035667,0.31176470588235294,0.9008425375247805,0.5605807743658211,0.7673713264369998,"0.767, 0.561","0.901, 0.312","0.829, 0.399","0.901, 0.312"
SVM + Gradient Boosting + Gradient Boosting,2,0.8980726781922493,0.7993856290111961,0.7493859173628277,0.2195637768420794,0.17318509125314946,0.27628437986507526,0.5573171529695489,0.7359967281031373,0.5690115249419813,0.1823529411764706,0.9556701087074919,0.6087912087912088,0.7469348926630344,"0.747, 0.609","0.956, 0.182","0.838, 0.276","0.956, 0.182"
Logistic Regression + KNN + Gradient Boosting,2,0.8401261472935471,0.65343865714211,0.7490083949402255,0.2972868405124004,0.28421547230791644,0.4426296866974833,0.6365223776050832,0.7401884969933166,0.6269398962774444,0.3647058823529412,0.8891739102019476,0.5698723404255319,0.7793098251959012,"0.779, 0.570","0.889, 0.365","0.830, 0.443","0.889, 0.365"
SVM + KNN + Gradient Boosting,2,0.8326136198112559,0.6486778712337754,0.7489351106104818,0.23578069886856784,0.19293175338436686,0.3091627960538943,0.5732647999175497,0.7368412236670929,0.5775807296972773,0.2088235294117647,0.9463379299827899,0.6096014492753623,0.7510291595197256,"0.751, 0.610","0.946, 0.209","0.837, 0.309","0.946, 0.209"
Naive Bayes + SVM + Random Forest,2,0.790161980527566,0.672465921980276,0.7488225490836815,0.3220817407088966,0.29303535044119033,0.5461901169370049,0.6309140706171235,0.6508003863741687,0.6780735848355419,0.7411764705882353,0.6149706990828485,0.43326210826210826,0.85801393728223,"0.858, 0.433","0.615, 0.741","0.716, 0.546","0.615, 0.741"
SVM + Random Forest + KNN,2,0.8557739001423719,0.701646297643141,0.7485261760412942,0.22207689596184824,0.1669794181250987,0.2655796244111257,0.552253924770608,0.7360051032657551,0.5654656205989357,0.17058823529411765,0.9603430059037537,0.6384180790960452,0.7449524745984923,"0.745, 0.638","0.960, 0.171","0.839, 0.266","0.960, 0.171"
Logistic Regression + Random Forest + KNN,2,0.8632864276246628,0.7064070835514755,0.7481987272394091,0.279528584516064,0.2623662315712604,0.41513363900693356,0.623369439538237,0.7385204437719499,0.6142338671956593,0.3264705882352941,0.9019971461560247,0.5706831119544592,0.7714345478813476,"0.771, 0.571","0.902, 0.326","0.832, 0.415","0.902, 0.326"
KNN + Logistic Regression + Gradient Boosting,2,0.8607460403502185,0.6763785239555253,0.7479442584170457,0.3118974606811499,0.2937812594166419,0.44363734194242666,0.6397112418742297,0.7468718767622738,0.629837118168619,0.3588235294117647,0.9008507069254733,0.5970731707317074,0.7801736826611716,"0.780, 0.597","0.901, 0.359","0.836, 0.444","0.901, 0.359"
Random Forest + Random Forest + Logistic Regression,2,0.946724716398988,0.8847607465461187,0.7471865064567099,0.23037929975181368,0.21424771909609158,0.37784240409915526,0.598465717770449,0.7201481287094991,0.5934282617693832,0.3,0.8868565235387664,0.5244725738396625,0.7615415867192812,"0.762, 0.524","0.887, 0.300","0.819, 0.378","0.887, 0.300"
KNN + SVM + Logistic Regression,2,0.7935476898643474,0.5572973806080697,0.7470579264971787,0.2381198734339691,0.21731648205729964,0.3667050307417391,0.5968336241399363,0.7284897906767689,0.5930436271626486,0.27941176470588236,0.9066754896194149,0.5461132177681474,0.760498725394361,"0.760, 0.546","0.907, 0.279","0.827, 0.367","0.907, 0.279"
Logistic Regression + Gradient Boosting + Gradient Boosting,2,0.9055852056745405,0.8041464149195308,0.7465507668984853,0.30551049915163486,0.2936520543795131,0.45255775577557755,0.6416737756267774,0.7418551543542471,0.6325432241388811,0.37941176470588234,0.8856746835718798,0.5707486802111662,0.7829084065672048,"0.783, 0.571","0.886, 0.379","0.831, 0.453","0.886, 0.379"
Naive Bayes + Random Forest + Random Forest,2,0.8800979409692988,0.8300940534443073,0.7464066570684218,0.3471993064417394,0.31730513043171227,0.5608562691131498,0.6441889467541999,0.6641699376329557,0.6918463133897439,0.7558823529411764,0.6278102738383112,0.4467984477322338,0.8673812898653437,"0.867, 0.447","0.628, 0.756","0.728, 0.561","0.628, 0.756"
Naive Bayes + SVM + Logistic Regression,2,0.7368866969265542,0.5572266685263947,0.7463189321215709,0.2953348240751723,0.24205655446681162,0.5325886040343968,0.5846253191570303,0.591481901273583,0.6605991086062554,0.8205882352941176,0.5006099819183931,0.3945417789757413,0.8770423195393062,"0.877, 0.395","0.501, 0.821","0.637, 0.533","0.501, 0.821"
SVM + KNN + SVM,2,0.7794071780946439,0.53893258932462,0.7461969837931905,0.17911574058668656,0.1236104064702292,0.21214953271028036,0.5237393270368915,0.7276564619963037,0.5472097492026025,0.12941176470588234,0.9650077336993226,0.606060606060606,0.7364262149473417,"0.736, 0.606","0.965, 0.129","0.835, 0.212","0.965, 0.129"
KNN + Logistic Regression + SVM,2,0.8075395986336065,0.5666332420463697,0.7461106924960692,0.25479682016973587,0.23531340834046743,0.38722220604083535,0.6076865600232124,0.7318342722821201,0.6015881314946736,0.3,0.9031762629893472,0.5560966810966811,0.7649671046202079,"0.765, 0.556","0.903, 0.300","0.828, 0.387","0.903, 0.300"
SVM + SVM + KNN,2,0.765837939700639,0.5440181661791097,0.745109123971136,0.22393774205145017,0.15388250295954375,0.2376506095116833,0.5396070249067482,0.7376801357893032,0.5586446675918912,0.14411764705882352,0.9731716881249591,0.6880409126671911,0.7413381123058542,"0.741, 0.688","0.973, 0.144","0.842, 0.238","0.973, 0.144"
Gradient Boosting + Logistic Regression + SVM,2,0.8706868020501886,0.7111196928814199,0.7449387999759083,0.26789810983373286,0.2522088886720952,0.4077796234772979,0.6182175660576237,0.7343342583235157,0.6104295534957986,0.32352941176470584,0.8973296952268914,0.5556818181818182,0.7699206062793216,"0.770, 0.556","0.897, 0.324","0.829, 0.408","0.897, 0.324"
Logistic Regression + Gradient Boosting + SVM,2,0.8523787639579283,0.6944011330103752,0.744893756143069,0.23383333954851904,0.21987236367427054,0.38270614277808523,0.6018881884458989,0.7226453230300222,0.5960534586359215,0.3029411764705882,0.8891657408012548,0.5222222222222221,0.7627792388986,"0.763, 0.522","0.889, 0.303","0.821, 0.383","0.889, 0.303"
SVM + Naive Bayes + Random Forest,2,0.7811289033182931,0.6635334944465712,0.7448792754798802,0.3197267789591117,0.28932859403421685,0.5446334157850852,0.6280990347599744,0.6474600923501265,0.6766304201570832,0.7441176470588236,0.6091431932553428,0.43063826315973475,0.8587386018237082,"0.859, 0.431","0.609, 0.744","0.712, 0.545","0.609, 0.744"
Gradient Boosting + Logistic Regression + Gradient Boosting,2,0.9238932437668006,0.8208649747905754,0.7447849269110952,0.292900645637408,0.2808727870152505,0.4420899854862119,0.6351881688941939,0.7376829275101757,0.626078120614954,0.36764705882352944,0.8845091824063787,0.5621787025703794,0.7792331119664988,"0.779, 0.562","0.885, 0.368","0.828, 0.442","0.885, 0.368"
Logistic Regression + KNN + SVM,2,0.7869197055769348,0.5436933752329545,0.7447243451985068,0.27299906681893743,0.2575738458730197,0.4142872771031616,0.6215828327471045,0.7351801497479076,0.6127893409504185,0.32941176470588235,0.8961669171949547,0.5595545834161861,0.7710511033681766,"0.771, 0.560","0.896, 0.329","0.829, 0.414","0.896, 0.329"
Naive Bayes + Random Forest + Logistic Regression,2,0.826822657368287,0.7148547999904258,0.7447150705259555,0.29658867134535316,0.24560347329507348,0.5329900767646508,0.588247117476851,0.5965042071233551,0.661449799513296,0.8117647058823529,0.511134893144239,0.39756250000000004,0.8749197070914697,"0.875, 0.398","0.511, 0.812","0.644, 0.533","0.511, 0.812"
Gradient Boosting + SVM + Logistic Regression,2,0.8566948932809295,0.7017838314431197,0.7446963129412278,0.26892211290323026,0.24910986497934068,0.3992388860058813,0.614898689153251,0.7360092908470639,0.6080545965853827,0.31176470588235294,0.9043444872884125,0.568374060150376,0.7683585483096917,"0.768, 0.568","0.904, 0.312","0.831, 0.399","0.904, 0.312"
Logistic Regression + SVM + KNN,2,0.77335046718293,0.5487789520874443,0.7442589776908084,0.2763640393002592,0.26193609749646546,0.41916863805339644,0.6241750081285318,0.7360106867075003,0.6151423205711276,0.3352941176470588,0.8949905234951965,0.5593073593073593,0.7724010774585608,"0.772, 0.559","0.895, 0.335","0.829, 0.419","0.895, 0.335"
KNN + Random Forest + Logistic Regression,2,0.8834836503060802,0.714925512072101,0.7440295616972361,0.24366357830501312,0.22444979817468041,0.37888009296245184,0.6020935467283399,0.7276606495776126,0.5969000648426157,0.29411764705882354,0.8996824826264078,0.5455855855855856,0.7627378302980912,"0.763, 0.546","0.900, 0.294","0.825, 0.379","0.900, 0.294"
Logistic Regression + KNN + KNN,2,0.7974381480256962,0.5364493273868228,0.743872004392895,0.27289875860700097,0.2585109928441783,0.41565087552599433,0.6222010507084041,0.735167587003981,0.6136703707690514,0.33235294117647063,0.8949878003616322,0.5560916179337232,0.7717058139958619,"0.772, 0.556","0.895, 0.332","0.829, 0.416","0.895, 0.332"
SVM + KNN + KNN,2,0.7899256205434051,0.5316885414784883,0.7437260123969855,0.2047246614342486,0.15563943098129973,0.26004683247895705,0.5477776394230844,0.7309967560203461,0.5610785563163243,0.16764705882352943,0.9545100538091192,0.6039853412734768,0.7430233709645475,"0.743, 0.604","0.955, 0.168","0.836, 0.260","0.955, 0.168"
Random Forest + SVM + Random Forest,2,0.9100640395582671,0.8423718685359688,0.7436456799568398,0.2103573330767648,0.15277627300159796,0.24590974469615248,0.5423267993574779,0.7343342583235157,0.558970370384609,0.15294117647058825,0.9649995642986298,0.6346618357487923,0.741730644237514,"0.742, 0.635","0.965, 0.153","0.839, 0.246","0.965, 0.153"
Random Forest + Logistic Regression + KNN,2,0.8812991071752754,0.7292244286742557,0.743574189691562,0.28314651001349156,0.2721574301601798,0.4350495804729214,0.6310438863838963,0.735177358027035,0.621658186508379,0.3588235294117647,0.8844928436049931,0.5529532403609516,0.7766243364912988,"0.777, 0.553","0.884, 0.359","0.827, 0.435","0.884, 0.359"
Naive Bayes + SVM + SVM,2,0.7364456827760841,0.5485362429079998,0.7431641338320831,0.3132386844925197,0.2824941452013324,0.542042946016456,0.6236676458784527,0.6416114371220708,0.6734267496293336,0.7470588235294118,0.5997946757292552,0.4257387859827598,0.8571428571428572,"0.857, 0.426","0.600, 0.747","0.705, 0.542","0.600, 0.747"
Random Forest + Gradient Boosting + Logistic Regression,2,0.9463354951810148,0.8655107481588866,0.7427968311695634,0.25309910755222154,0.24003824365488868,0.40373563218390807,0.6132006009541506,0.7268231333158386,0.6060712743368049,0.3264705882352941,0.8856719604383156,0.5344570683553734,0.7682978836824991,"0.768, 0.534","0.886, 0.326","0.823, 0.404","0.886, 0.326"
Random Forest + KNN + Logistic Regression,2,0.8808764368000213,0.7148029903814659,0.7427441305258787,0.24607036459666884,0.23123112160955672,0.3949681803473196,0.6080695712551969,0.7243231472744429,0.6016663174648331,0.3176470588235294,0.8856855761061369,0.5334699453551912,0.7659435185864963,"0.766, 0.533","0.886, 0.318","0.821, 0.395","0.886, 0.318"
Gradient Boosting + Random Forest + Logistic Regression,2,0.9466308537226624,0.859411962907151,0.7422580511846593,0.23353759536714125,0.21952425030833633,0.38405088062622306,0.6016615292868086,0.7209758739482192,0.5966690790426359,0.3088235294117647,0.8845146286735072,0.5202918832467014,0.7635719857637365,"0.764, 0.520","0.885, 0.309","0.819, 0.384","0.885, 0.309"
SVM + Gradient Boosting + KNN,2,0.8553846789243985,0.682396299255909,0.7422031239788249,0.24687932952408803,0.18865142013002778,0.29000669568128556,0.5657417881443005,0.7410204298133456,0.5742905115774825,0.18823529411764706,0.9603457290373179,0.6675627240143369,0.7489810930634804,"0.749, 0.668","0.960, 0.188","0.841, 0.290","0.960, 0.188"
KNN + KNN + Logistic Regression,2,0.8176353707071136,0.5449677559074482,0.7420402004995188,0.25930647163025405,0.23913479276291394,0.3924703381309431,0.6100603056774935,0.7318412515843016,0.6033678915001071,0.3058823529411765,0.9008534300590375,0.5614229156963204,0.7659287640130552,"0.766, 0.561","0.901, 0.306","0.828, 0.392","0.901, 0.306"
KNN + Gradient Boosting + Logistic Regression,2,0.8830944290881069,0.6956755136848689,0.7414394932536769,0.24463909510503867,0.22735431523437344,0.3857583403420241,0.60449405540171,0.7259898046353733,0.5992845527205065,0.3058823529411765,0.8926867524998365,0.5394736842105263,0.764487797854726,"0.764, 0.539","0.893, 0.306","0.823, 0.386","0.893, 0.306"
Naive Bayes + Gradient Boosting + Logistic Regression,2,0.8264334361503136,0.6956048016031939,0.7413329706760163,0.30573450884123843,0.25989315383414385,0.5386008540863751,0.6005731710375188,0.6107070870626071,0.6678161013441387,0.8,0.5356322026882774,0.40654728345012126,0.8719733217340873,"0.872, 0.407","0.536, 0.800","0.663, 0.539","0.536, 0.800"
KNN + Logistic Regression + KNN,2,0.8180580410823677,0.559389194200238,0.7412975539212483,0.25631933939026663,0.24306258685296916,0.40417477828250054,0.6145224067192292,0.7293203276363616,0.6069235190318203,0.3235294117647059,0.8903176262989347,0.538891028109357,0.7684097363083164,"0.768, 0.539","0.890, 0.324","0.825, 0.404","0.890, 0.324"
Logistic Regression + Gradient Boosting + KNN,2,0.8628972064066897,0.6871570851642436,0.7412561142357734,0.2583009988165633,0.24557368067749497,0.40730262104307907,0.6158944451246426,0.7293203276363616,0.6087032790372537,0.32941176470588235,0.8879947933686252,0.537856071964018,0.7696687370600415,"0.770, 0.538","0.888, 0.329","0.824, 0.407","0.888, 0.329"
SVM + Naive Bayes + Logistic Regression,2,0.7278536197172809,0.5482942409926899,0.7410573415040156,0.26985206881872037,0.2181648572544232,0.5192412312097352,0.5692854160642418,0.5756081763920916,0.6459673275231275,0.8088235294117647,0.4831111256344901,0.3827701650576144,0.866719353705655,"0.867, 0.383","0.483, 0.809","0.619, 0.519","0.483, 0.809"
Naive Bayes + Logistic Regression + KNN,2,0.7613970481445742,0.559318482118563,0.7407696985074665,0.2762040099167088,0.22337588465951008,0.5226513062979417,0.5720275060406047,0.5781137458752323,0.6494898930096842,0.8147058823529412,0.48427390366642703,0.38506028022157057,0.8701427892318256,"0.870, 0.385","0.484, 0.815","0.621, 0.523","0.484, 0.815"
Naive Bayes + SVM + Gradient Boosting,2,0.7896521244926964,0.6582815248171554,0.7403991921584006,0.3301472523317235,0.3105828082447216,0.548884033666792,0.6458068473601197,0.6725129954606619,0.6817009108721588,0.7029411764705882,0.6604606452737294,0.45070613602935927,0.8492390129682996,"0.849, 0.451","0.660, 0.703","0.743, 0.549","0.660, 0.703"
Naive Bayes + Gradient Boosting + Random Forest,2,0.8797087197513256,0.8108440550570752,0.7396225704843077,0.3333648543166291,0.31120294228507284,0.5517764520163191,0.6446579697779034,0.6691782848783647,0.6838077352370919,0.7176470588235294,0.6499684116506546,0.4487847222222222,0.8535285158233203,"0.854, 0.449","0.650, 0.718","0.738, 0.552","0.650, 0.718"
Naive Bayes + Random Forest + Gradient Boosting,2,0.8795880849344291,0.8159096562811867,0.7395626775643268,0.3437158531577922,0.32400570134146633,0.5574404761904762,0.6528198944526264,0.6792033545318005,0.6890332363257048,0.711764705882353,0.6663017667690565,0.45861870503597124,0.8538779675582769,"0.854, 0.459","0.666, 0.712","0.748, 0.557","0.666, 0.712"
KNN + SVM + Random Forest,2,0.8468229734653594,0.672536634061951,0.739281329811841,0.21009324630673212,0.15161500001617262,0.24045226130653266,0.5399874596299714,0.7351647952831084,0.5586680064483803,0.15,0.9673360128967605,0.6403448275862069,0.7416600241371915,"0.742, 0.640","0.967, 0.150","0.840, 0.240","0.967, 0.150"
Naive Bayes + Random Forest + SVM,2,0.826381643217817,0.7061643743720312,0.7392034802287689,0.3251039677561708,0.2970839218696817,0.5485547871785386,0.633384807768662,0.6533129351594911,0.679824559717358,0.7411764705882353,0.6184726488464807,0.4359910902471738,0.8578872174132279,"0.858, 0.436","0.618, 0.741","0.718, 0.549","0.618, 0.741"
Random Forest + SVM + Gradient Boosting,2,0.9095541835233973,0.8281874713728483,0.7391905052982568,0.22432814440297372,0.17591234347907087,0.2813238770685579,0.5597254271478653,0.7360023115448825,0.5699007241613069,0.18529411764705883,0.9545073306755549,0.6185031185031185,0.7472611107773037,"0.747, 0.619","0.955, 0.185","0.838, 0.281","0.955, 0.185"
Random Forest + Random Forest + Random Forest,2,1.0,1.0,0.7390745718913667,0.19365150318469312,0.1466121912605134,0.2507953340402969,0.5424267552605935,0.7284897906767689,0.5575546292629855,0.16176470588235295,0.9533445526436181,0.5892857142857143,0.7414740803474628,"0.741, 0.589","0.953, 0.162","0.834, 0.251","0.953, 0.162"
Naive Bayes + Naive Bayes + Random Forest,2,0.7622550888424996,0.6608075233293297,0.7389521750468699,0.21271410927679885,0.1562346976057971,0.49229222933392525,0.5138752522747042,0.5163106291980503,0.609883661326762,0.8264705882352941,0.39329673441822977,0.351285174349251,0.854978354978355,"0.855, 0.351","0.393, 0.826","0.535, 0.492","0.393, 0.826"
Gradient Boosting + Gradient Boosting + Logistic Regression,2,0.9462416325046892,0.840161964519919,0.7387144054406287,0.2599242608322033,0.24642257435045706,0.40745371355607574,0.6158330044752995,0.7293231193572342,0.609597924523708,0.3323529411764706,0.8868429078709452,0.5396825396825398,0.7704979393061919,"0.770, 0.540","0.887, 0.332","0.824, 0.407","0.887, 0.332"
Gradient Boosting + Logistic Regression + KNN,2,0.8812052444989498,0.7038756450352883,0.7384638451158516,0.2589645668497309,0.2478020188676056,0.4137841756420878,0.6181913101158898,0.7276592537171763,0.6101985676958189,0.3382352941176471,0.8821618412739908,0.5337977296181631,0.7706247921516463,"0.771, 0.534","0.882, 0.338","0.823, 0.414","0.882, 0.338"
Random Forest + SVM + SVM,2,0.8563477418067853,0.7184421894636926,0.7376198499136926,0.16368706365232794,0.1058446581776763,0.18419489007724302,0.5097637635912197,0.7259870129145007,0.5398307460360786,0.10882352941176471,0.9708379626603926,0.6039915966386555,0.7330305853128396,"0.733, 0.604","0.971, 0.109","0.835, 0.184","0.971, 0.109"
Gradient Boosting + SVM + Random Forest,2,0.9099701768819415,0.817023084897001,0.7372183959525906,0.20875451276938206,0.16047291318262885,0.2640856950067476,0.5503292951848296,0.7326620175208403,0.5631291720008048,0.17058823529411765,0.9556701087074919,0.6043557168784028,0.7439810536044362,"0.744, 0.604","0.956, 0.171","0.837, 0.264","0.956, 0.171"
Gradient Boosting + KNN + Logistic Regression,2,0.8807825741236955,0.6894542067424982,0.7371317682683818,0.2561103832133586,0.24203088341192747,0.4049244499071488,0.6140771324421888,0.7276634412984853,0.6066581096199017,0.3264705882352941,0.8868456310045094,0.5400339911245398,0.7684614440078585,"0.768, 0.540","0.887, 0.326","0.823, 0.405","0.887, 0.326"
SVM + Naive Bayes + SVM,2,0.7274126055668112,0.539603815374295,0.7370256301331067,0.2893524312461756,0.25756578993052026,0.5285705460835186,0.6082543134088025,0.6249043835601141,0.6599878932685419,0.7411764705882353,0.5787993159488487,0.4114058724150467,0.8502545248868778,"0.850, 0.411","0.579, 0.741","0.688, 0.529","0.579, 0.741"
Naive Bayes + KNN + Logistic Regression,2,0.7609743777693201,0.5448970438257732,0.7369672910011009,0.28969613285698886,0.24684573894781203,0.5294077866488449,0.5945429022144813,0.6056903646545804,0.6589925719323739,0.7823529411764706,0.5356322026882774,0.4008339492148651,0.8631109596432933,"0.863, 0.401","0.536, 0.782","0.660, 0.529","0.536, 0.782"
SVM + Naive Bayes + Gradient Boosting,2,0.7806190472834234,0.6493490972834506,0.7369376088452504,0.32717622600591145,0.30896262800142743,0.5465429109496907,0.6454431384984554,0.673356095164181,0.6796296794647536,0.6941176470588235,0.6651417118706838,0.4516093474426808,0.8463684930902027,"0.846, 0.452","0.665, 0.694","0.744, 0.547","0.665, 0.694"
Logistic Regression + Naive Bayes + Random Forest,2,0.7886414308005842,0.6682942803549057,0.7367736281493842,0.22567976399104128,0.17562668783649754,0.4976582687338501,0.5376224008696676,0.542202444430796,0.6199801755876522,0.8,0.4399603511753044,0.36188388052051595,0.8505222468953039,"0.851, 0.362","0.440, 0.800","0.578, 0.498","0.440, 0.800"
KNN + SVM + Gradient Boosting,2,0.8463131174304896,0.6583522368988304,0.7366533137011422,0.23865597275355072,0.1873384634339776,0.2895204630012402,0.5651634026606025,0.74017593424939,0.5745915139469291,0.19117647058823528,0.9580065573056227,0.64004329004329,0.7494243182628575,"0.749, 0.640","0.958, 0.191","0.841, 0.290","0.958, 0.191"
Random Forest + Random Forest + Gradient Boosting,2,0.9994901439651303,0.9858156028368794,0.7365197199721664,0.21170719000717628,0.16752662646790178,0.28270308676087474,0.5581824648179103,0.7301662190607534,0.5667093077345964,0.18823529411764706,0.9451833213515457,0.5942028985507246,0.7458870639337587,"0.746, 0.594","0.945, 0.188","0.834, 0.283","0.945, 0.188"
Naive Bayes + Naive Bayes + Logistic Regression,2,0.7089798052414875,0.5455682698754484,0.7365153629584638,0.21820559802833228,0.1595978604969429,0.49516635662224395,0.5142596432873223,0.5163120250584865,0.6125444511508282,0.8352941176470587,0.3897947846545977,0.3525213199851687,0.8593783725447874,"0.859, 0.353","0.390, 0.835","0.533, 0.495","0.390, 0.835"
KNN + Random Forest + Random Forest,2,0.9367589339070923,0.8301647655259822,0.7357845219651158,0.19865926286372465,0.1492024919545975,0.2483019031705041,0.5421765125926332,0.7309911725786009,0.5584150433586937,0.1588235294117647,0.9580065573056227,0.6012759170653907,0.7417953825555954,"0.742, 0.601","0.958, 0.159","0.836, 0.248","0.958, 0.159"
Logistic Regression + Naive Bayes + Logistic Regression,2,0.7353661471995722,0.5530550269010244,0.7354583065825507,0.23050134848811848,0.17158327230758746,0.5008417508417509,0.5250079776660701,0.5271690275319512,0.6201242934269322,0.8352941176470587,0.40495446920680567,0.35813997960224375,0.8632456140350877,"0.863, 0.358","0.405, 0.835","0.549, 0.501","0.405, 0.835"
Naive Bayes + KNN + Random Forest,2,0.8142496613703321,0.6601362972796545,0.7351728100559877,0.31168994735725675,0.2911224089610849,0.5377698213953104,0.6347501945861949,0.6608170808649868,0.6717612811414351,0.6970588235294117,0.6464637387534584,0.4384920634920635,0.8443255952270319,"0.844, 0.438","0.646, 0.697","0.732, 0.538","0.646, 0.697"
KNN + Random Forest + Gradient Boosting,2,0.9362490778722223,0.8159803683628616,0.7344569462972432,0.2256856925801913,0.17636816442815445,0.2838688711053337,0.5605860191677541,0.7351717745852898,0.5702085343646641,0.18823529411764706,0.9521817746116812,0.6231884057971014,0.7474652521318741,"0.747, 0.623","0.952, 0.188","0.837, 0.284","0.952, 0.188"
Gradient Boosting + SVM + Gradient Boosting,2,0.9094603208470717,0.8028386877338805,0.7342566838512414,0.23113365666571561,0.18858823765050325,0.30160250146570255,0.5696786717318318,0.7368342443649114,0.5758036928254081,0.20294117647058824,0.9486662091802278,0.6050653594771241,0.7502153976086609,"0.750, 0.605","0.949, 0.203","0.838, 0.302","0.949, 0.203"
Random Forest + Gradient Boosting + Random Forest,2,0.9996107787820268,0.9807500016127679,0.734234017768927,0.19824993133362595,0.15464542545372167,0.2599541380029185,0.5473773436726703,0.7301536563168268,0.561380920252553,0.17058823529411765,0.9521736052109884,0.5825892857142857,0.7434205939476437,"0.743, 0.583","0.952, 0.171","0.835, 0.260","0.952, 0.171"
Random Forest + Random Forest + SVM,2,0.9462837022485181,0.8760703209277239,0.7341056460490215,0.18482908312847063,0.12926551905683464,0.2213010204081633,0.5280427073293383,0.7276564619963037,0.5498759852937973,0.13823529411764707,0.9615166764699474,0.6146723646723646,0.7377750689677296,"0.738, 0.615","0.962, 0.138","0.835, 0.221","0.962, 0.138"
Naive Bayes + Gradient Boosting + Gradient Boosting,2,0.8791988637164558,0.7966596578939547,0.7339995079137465,0.3261816159023426,0.31108989008642063,0.5452491968588256,0.6481895701808252,0.6783602548282812,0.6786829099981931,0.6794117647058824,0.6779540552905039,0.4554948135688254,0.8422286847767617,"0.842, 0.455","0.678, 0.679","0.751, 0.545","0.678, 0.679"
Gradient Boosting + Random Forest + Random Forest,2,0.9999061373236744,0.9746512163610325,0.7337125376913722,0.20511775965446383,0.15679005016164715,0.2596345444524526,0.54788650949051,0.7318272929799386,0.5616599453322928,0.16764705882352943,0.9556728318410561,0.602165725047081,0.7433274021352313,"0.743, 0.602","0.956, 0.168","0.836, 0.260","0.956, 0.168"
Random Forest + KNN + Random Forest,2,0.9341517204010332,0.8300422438353473,0.7335399550971293,0.2076361487341628,0.16449419483335448,0.27530266343825666,0.5549962394291477,0.7309925684390371,0.5655136598786956,0.1823529411764706,0.9486743785809206,0.5878787878787879,0.7453482351200683,"0.745, 0.588","0.949, 0.182","0.835, 0.275","0.949, 0.182"
KNN + KNN + Random Forest,2,0.8709106543081254,0.6602070093613295,0.7335220064432544,0.24105232830753887,0.19717087115984572,0.3111867928884784,0.574799565895135,0.7385092768884596,0.5796367916488862,0.21176470588235294,0.9475088774154194,0.6180075424261471,0.7521235521235521,"0.752, 0.618","0.948, 0.212","0.838, 0.311","0.948, 0.212"
Naive Bayes + Gradient Boosting + SVM,2,0.8259924219998436,0.6869143759847991,0.7328633364985757,0.31893972494234696,0.29599545364143875,0.5436113716030871,0.6355662503594198,0.6591601945271104,0.6759255290247593,0.7147058823529412,0.6371451756965776,0.4394856476568539,0.8496290613893691,"0.850, 0.439","0.637, 0.715","0.728, 0.544","0.637, 0.715"
Naive Bayes + Naive Bayes + SVM,2,0.7085387910910177,0.5368778442570535,0.7324427565287928,0.21452495939147687,0.15733236214095686,0.4932423300446006,0.5140327235297493,0.5163106291980503,0.6107701374125234,0.8294117647058823,0.39212851011916433,0.3516728485257203,0.8564245070795289,"0.856, 0.352","0.392, 0.829","0.535, 0.493","0.392, 0.829"
KNN + KNN + Gradient Boosting,2,0.8704007982732557,0.646022612198209,0.7323424651214646,0.2367271721499266,0.194624357330984,0.3118885378202444,0.5745421367358301,0.7368412236670929,0.5784685673498208,0.21176470588235297,0.9451724288172887,0.608274647887324,0.7515151515151515,"0.752, 0.608","0.945, 0.212","0.837, 0.312","0.945, 0.212"
Random Forest + KNN + Gradient Boosting,2,0.9336418643661634,0.8158578466722267,0.7323231629100238,0.19087520254246343,0.1594221037497095,0.286532898152956,0.5574577085507564,0.7234758599896147,0.5646985619291831,0.19705882352941176,0.9323383003289545,0.5380233174350821,0.7454391921302341,"0.745, 0.538","0.932, 0.197","0.828, 0.287","0.932, 0.197"
KNN + SVM + SVM,2,0.7931066757138774,0.5486069549896748,0.7322191712447348,0.161023724773403,0.11055390711600305,0.19800811856886624,0.5157470982078083,0.7243119803909526,0.5422138723471874,0.12058823529411765,0.9638395094002571,0.5762987012987013,0.734257942152679,"0.734, 0.576","0.964, 0.121","0.833, 0.198","0.964, 0.121"
Gradient Boosting + SVM + SVM,2,0.8562538791304596,0.6930934058247249,0.7320849047415843,0.15407442060020457,0.10741557452182704,0.19786146195690238,0.5150900467970845,0.7226411354487132,0.5410442864813398,0.12058823529411766,0.961500337668562,0.5561714708056171,0.7337551939607321,"0.734, 0.556","0.962, 0.121","0.832, 0.198","0.962, 0.121"
Random Forest + Gradient Boosting + Gradient Boosting,2,0.9991009227471569,0.9665656044496473,0.7317477808063294,0.21500016260164395,0.17703279701049407,0.29629207507028343,0.5648868682869944,0.7309925684390371,0.5717258003129362,0.20294117647058824,0.940510424155284,0.5783492822966507,0.7486211871250975,"0.749, 0.578","0.941, 0.203","0.833, 0.296","0.941, 0.203"
Gradient Boosting + Random Forest + Gradient Boosting,2,0.9993962812888046,0.9604668191979118,0.7317085676830042,0.2253984828052568,0.18562252776111443,0.30430587612092774,0.5696216332489352,0.7334995337826142,0.5752510889330571,0.2088235294117647,0.9416786484543493,0.5925324675324675,0.750248972986431,"0.750, 0.593","0.942, 0.209","0.835, 0.304","0.942, 0.209"
Naive Bayes + Naive Bayes + Gradient Boosting,2,0.7617452328076298,0.6466231261662092,0.7313860685768327,0.2133256357902945,0.15727500396822647,0.49286146549914167,0.5148106107610353,0.517146749599388,0.6104664119095125,0.8264705882352941,0.39446223558373095,0.3518015297906602,0.8545170528508201,"0.855, 0.352","0.394, 0.826","0.537, 0.493","0.394, 0.826"
KNN + Gradient Boosting + Random Forest,2,0.936369712689119,0.8109147671387502,0.7310696724935318,0.212158279304639,0.1633856518780094,0.26603130522595303,0.5515154645802169,0.7334967420617418,0.5646024833696631,0.17352941176470588,0.9556755549746203,0.6104108309990663,0.7447734730602307,"0.745, 0.610","0.956, 0.174","0.837, 0.266","0.956, 0.174"
Naive Bayes + KNN + Gradient Boosting,2,0.8137398053354623,0.6459519001165339,0.7305698973923274,0.31992521459904105,0.30491669606685506,0.5407921235175654,0.6450629688534112,0.6758532894847041,0.6751617060784185,0.6735294117647059,0.6767940003921313,0.45223997493734336,0.8399391011122854,"0.840, 0.452","0.677, 0.674","0.749, 0.541","0.677, 0.674"
Logistic Regression + Naive Bayes + Gradient Boosting,2,0.7881315747657143,0.6541098831917851,0.7304248184470834,0.24326752597547746,0.19314914774198305,0.5059512839682181,0.5516331749076657,0.5572372571900771,0.6304792170446376,0.8,0.4609584340892752,0.3706508345468803,0.8562343856461503,"0.856, 0.371","0.461, 0.800","0.597, 0.506","0.461, 0.800"
Naive Bayes + Random Forest + KNN,2,0.8369000856665783,0.6989203265258995,0.7299713686533368,0.32164315754847944,0.2989920109803292,0.5450644858776432,0.6377893438983677,0.6616518054058883,0.6776628882387541,0.7147058823529412,0.6406198941245671,0.44079954598247284,0.8503569783509903,"0.850, 0.441","0.641, 0.715","0.731, 0.545","0.641, 0.715"
KNN + Gradient Boosting + Gradient Boosting,2,0.9358598566542491,0.7967303699756296,0.729868370130877,0.23283200702843831,0.1890709561947107,0.30538144014676655,0.570737741179448,0.735173170445726,0.5764206747989047,0.2088235294117647,0.9440178201860445,0.6113195747342088,0.7507124470618235,"0.751, 0.611","0.944, 0.209","0.836, 0.305","0.944, 0.209"
Random Forest + Gradient Boosting + SVM,2,0.9458944810305447,0.8568203225404919,0.7297226023930257,0.1434502700390626,0.1066813060800672,0.2079205741205477,0.5182880989592751,0.7184619293024606,0.5416805226109789,0.1323529411764706,0.9510081040454872,0.5169930875576036,0.7343632767205511,"0.734, 0.517","0.951, 0.132","0.829, 0.208","0.951, 0.132"
KNN + Random Forest + SVM,2,0.8830426361556103,0.7062350864537061,0.7295219875415038,0.17327893381774767,0.12643174548749786,0.22464829361381083,0.5287663941778462,0.7251481007922904,0.5490087633641785,0.1411764705882353,0.9568410561401215,0.5722610722610723,0.7374577340602806,"0.737, 0.572","0.957, 0.141","0.833, 0.225","0.957, 0.141"
Gradient Boosting + Gradient Boosting + Random Forest,2,0.9995169161057011,0.9554012179738003,0.7291928247673163,0.2141811379009096,0.1710725303607678,0.28324225865209474,0.5589947337334384,0.7318286888403749,0.568762646552641,0.19117647058823528,0.9463488225170469,0.5945945945945945,0.7470791953144894,"0.747, 0.595","0.946, 0.191","0.835, 0.283","0.946, 0.191"
Random Forest + SVM + KNN,2,0.8668661842555465,0.711198141617561,0.7288575109149601,0.22571501704360203,0.16958846918721782,0.26906505816458426,0.5542926320584269,0.7368454112484017,0.566045648048122,0.17058823529411765,0.9615030608021262,0.6414634146341464,0.7450268645783258,"0.745, 0.641","0.962, 0.171","0.840, 0.269","0.962, 0.171"
Gradient Boosting + Random Forest + SVM,2,0.9461898395721926,0.8507215372887563,0.7287476725217241,0.16064435089247914,0.12451905588365514,0.23584435021202294,0.532237419231816,0.7201341701051363,0.5490554410771563,0.15294117647058825,0.9451697056837244,0.5269133725820017,0.7377554034187637,"0.738, 0.527","0.945, 0.153","0.829, 0.236","0.945, 0.153"
Naive Bayes + SVM + KNN,2,0.7469641252248456,0.5412921950618682,0.7282696904982502,0.3003399501430477,0.2792924763079931,0.5320954907161803,0.6277698542924632,0.6524572727120452,0.6659187980793259,0.6970588235294117,0.63477877262924,0.4304865938430983,0.8413477171438954,"0.841, 0.430","0.635, 0.697","0.723, 0.532","0.635, 0.697"
Random Forest + KNN + SVM,2,0.8804354226495514,0.7061125647630712,0.7280836123744314,0.20017799559153593,0.1541299557460118,0.26045858484238765,0.5477021001735173,0.7301592397585719,0.5604903594664452,0.16764705882352943,0.953333660109361,0.5893626184323859,0.7427473344904538,"0.743, 0.589","0.953, 0.168","0.835, 0.260","0.953, 0.168"
Random Forest + Random Forest + KNN,2,0.9568021446972794,0.8688262730815923,0.7279785955294477,0.19558915271741142,0.15633108923209765,0.2706685837526959,0.5515703162486595,0.7276508785545586,0.5622907351948033,0.17941176470588235,0.9451697056837244,0.5653409090909092,0.7438999291474071,"0.744, 0.565","0.945, 0.179","0.832, 0.271","0.945, 0.179"
Gradient Boosting + KNN + Random Forest,2,0.9340578577247076,0.8046934601963796,0.7279341443786194,0.19624079418478557,0.16364810603895324,0.28827906976744183,0.5588416600724331,0.7251453090714177,0.5667559854475743,0.2,0.9335119708951485,0.5465277777777777,0.7465462514851554,"0.747, 0.547","0.934, 0.200","0.829, 0.288","0.934, 0.200"
Logistic Regression + Naive Bayes + SVM,2,0.7349251330491022,0.5443646012826296,0.7278457226299446,0.22890050846487403,0.173735265159707,0.4997665229306686,0.5307411958369374,0.5338510114404722,0.6203566407936941,0.8205882352941176,0.42012504629327063,0.35990928705503566,0.8579704814014437,"0.858, 0.360","0.420, 0.821","0.562, 0.500","0.420, 0.821"
SVM + Logistic Regression + Naive Bayes,2,0.7373348819954098,0.5201401351870568,0.7276585152066186,0.2809368206105598,0.27511818441528546,0.46293589880082464,0.6338437282767195,0.7159633391215012,0.6374800410328173,0.4558823529411765,0.8190777291244581,0.4944753924773261,0.7955207368529382,"0.796, 0.494","0.819, 0.456","0.805, 0.463","0.819, 0.456"
Gradient Boosting + Gradient Boosting + Gradient Boosting,2,0.9990070600708314,0.9412168208106797,0.7274740789721549,0.22908594805810475,0.19209026580623662,0.313,0.574034228881426,0.7343314666026433,0.5784946293398741,0.21764705882352942,0.9393421998562186,0.5872282608695653,0.751973904666164,"0.752, 0.587","0.939, 0.218","0.835, 0.313","0.939, 0.218"
Gradient Boosting + KNN + Gradient Boosting,2,0.9335480016898379,0.7905090630332592,0.7272761872541971,0.21758975632323413,0.18450415547401106,0.3112217194570136,0.5716218951066308,0.7301564480376994,0.5755767917257747,0.21764705882352942,0.93350652462802,0.5655637254901961,0.750691281574396,"0.751, 0.566","0.934, 0.218","0.832, 0.311","0.934, 0.218"
Logistic Regression + Logistic Regression + Naive Bayes,2,0.7448474094777009,0.5249009210953914,0.7272543060750867,0.2554213778157739,0.2481540962975925,0.45881014521849695,0.6199244657157914,0.6917298060870682,0.6303097260079118,0.48823529411764705,0.7723841578981766,0.45480631276901007,0.7975957049486462,"0.798, 0.455","0.772, 0.488","0.781, 0.459","0.772, 0.488"
KNN + SVM + KNN,2,0.8036251181626388,0.5413629071435433,0.7272422281768076,0.22940236049437518,0.16921282834090007,0.2654489773597287,0.5528533406553359,0.7376801357893032,0.5657446456786754,0.16764705882352943,0.9638422325338214,0.6590296495956873,0.7448519508910273,"0.745, 0.659","0.964, 0.168","0.840, 0.265","0.964, 0.168"
Naive Bayes + KNN + SVM,2,0.7605333636188503,0.5362066182073784,0.7267698606140058,0.29192294810714736,0.2691242788622545,0.5273701029707658,0.6205814791574338,0.6441225900469567,0.6609913840054027,0.7,0.6219827680108054,0.4243132148692811,0.8403638504680359,"0.840, 0.424","0.622, 0.700","0.714, 0.527","0.622, 0.700"
Random Forest + KNN + KNN,2,0.8909538650983125,0.6988685169169395,0.7261724691837391,0.19373614581938653,0.1577149889726408,0.2798235519754507,0.5549635492430434,0.7251522883735992,0.5632046348374,0.18823529411764706,0.9381739755571532,0.5537313432835821,0.7444432248504473,"0.744, 0.554","0.938, 0.188","0.830, 0.280","0.938, 0.188"
KNN + KNN + SVM,2,0.8171943565566436,0.5362773302890533,0.7261708993773315,0.20889075649547845,0.1649723491387552,0.2764876632801161,0.555580977003213,0.7309953601599097,0.5655136598786956,0.1823529411764706,0.9486743785809206,0.5907738095238095,0.745269952262489,"0.745, 0.591","0.949, 0.182","0.835, 0.276","0.949, 0.182"
KNN + Gradient Boosting + SVM,2,0.882653414937637,0.6869850880664741,0.7258785950168578,0.20763103215225864,0.15964461770807747,0.26161229624304955,0.5490953121662105,0.7326606216604039,0.563131895134369,0.17058823529411765,0.9556755549746203,0.6046176046176046,0.7441223088099327,"0.744, 0.605","0.956, 0.171","0.837, 0.262","0.956, 0.171"
KNN + Random Forest + KNN,2,0.8935610786043715,0.6989910386075744,0.7254473948261746,0.19491549328228996,0.15670712044326884,0.2734726054394955,0.5525775144325191,0.7268175498740934,0.5625958222645964,0.1823529411764706,0.9428387033527221,0.5616161616161616,0.7440975202630035,"0.744, 0.562","0.943, 0.182","0.832, 0.273","0.943, 0.182"
Naive Bayes + KNN + KNN,2,0.7710518060676115,0.5289625703612468,0.7248853720953776,0.3040336913041194,0.284682913312346,0.5339132412303145,0.6315126282179282,0.657479578561817,0.6676505188049993,0.6911764705882353,0.6441245670217632,0.43522856868052595,0.8404575054266155,"0.840, 0.435","0.644, 0.691","0.729, 0.534","0.644, 0.691"
Naive Bayes + Gradient Boosting + KNN,2,0.836510864448605,0.6796703281386675,0.7247299852886713,0.302897104406472,0.2831343986882189,0.5329475356398672,0.6306446291174727,0.6566378747187341,0.6670650450886845,0.6911764705882353,0.6429536195891337,0.43402635111074583,0.8405621742367833,"0.841, 0.434","0.643, 0.691","0.728, 0.533","0.643, 0.691"
Gradient Boosting + Gradient Boosting + SVM,2,0.9458006183542192,0.8314715389015241,0.7244889158852876,0.16307877291468972,0.13016104274050982,0.24705882352941178,0.5371830628803245,0.7192980497037984,0.5520240411045798,0.16470588235294117,0.9393421998562186,0.5198529411764705,0.739368811129336,"0.739, 0.520","0.939, 0.165","0.827, 0.247","0.939, 0.165"
Random Forest + Gradient Boosting + KNN,2,0.9564129234793061,0.8495762746943603,0.724286402849487,0.19235950376614452,0.15422909261364232,0.2686686048827114,0.5502686298525232,0.7268147581532207,0.561709346178835,0.17941176470588235,0.9440069276517875,0.5598995695839312,0.7437493026605402,"0.744, 0.560","0.944, 0.179","0.832, 0.269","0.944, 0.179"
Random Forest + Naive Bayes + Logistic Regression,2,0.8288818642721887,0.7154742164311411,0.7240945901267508,0.2766390602002206,0.2306138066613772,0.5221544125509845,0.5819998970900563,0.5914874847153282,0.6508505947964441,0.788235294117647,0.5134658954752412,0.3912776623688774,0.8624289597232517,"0.862, 0.391","0.513, 0.788","0.642, 0.522","0.513, 0.788"
Gradient Boosting + Random Forest + KNN,2,0.9567082820209538,0.8434774894426247,0.7236204685455647,0.1819705636934304,0.14621067975071206,0.2639365605397088,0.5467757361871144,0.7234758599896147,0.558489144628507,0.1764705882352941,0.9405077010217198,0.5437756497948016,0.7422914439863593,"0.742, 0.544","0.941, 0.176","0.830, 0.264","0.941, 0.176"
KNN + KNN + KNN,2,0.8277127990054048,0.5290332824429218,0.7234033867451954,0.18992023929936797,0.15459004721264313,0.27212806026365344,0.5516268456946423,0.7259758460310104,0.5620089869814994,0.1823529411764706,0.9416650327865281,0.5487483530961792,0.7439262310683308,"0.744, 0.549","0.942, 0.182","0.831, 0.272","0.942, 0.182"
Gradient Boosting + SVM + KNN,2,0.8667723215792209,0.6858493579785934,0.7233729597322229,0.2084604530418494,0.16129891296697524,0.268353483734264,0.5520726387813403,0.7318314805612476,0.5634328975038155,0.17352941176470588,0.9533363832429254,0.5996677740863787,0.7440993479667513,"0.744, 0.600","0.953, 0.174","0.836, 0.268","0.953, 0.174"
Gradient Boosting + KNN + SVM,2,0.8803415599732258,0.6807637811241035,0.7227008583316994,0.16602926974645826,0.13251936151328214,0.2513477088948787,0.5392282243661386,0.719300841424671,0.5529118787571234,0.16764705882352943,0.9381766986907174,0.5238095238095238,0.7397454917421995,"0.740, 0.524","0.938, 0.168","0.827, 0.251","0.938, 0.168"
SVM + Naive Bayes + KNN,2,0.7379310480155725,0.5323597675281635,0.7224784263747981,0.28529391405928867,0.2639766521140936,0.5233409610983981,0.6190753885903744,0.6432669275995109,0.6577274200968539,0.6911764705882353,0.6242783696054723,0.42136122949761073,0.8366575738910236,"0.837, 0.421","0.624, 0.691","0.715, 0.523","0.624, 0.691"
KNN + Naive Bayes + Logistic Regression,2,0.7656407981792808,0.5456389819571235,0.7223723523132539,0.2903548366411307,0.24898542202886254,0.5308965253365856,0.5955508356863735,0.6065390477998448,0.6595821303490352,0.7823529411764706,0.5368113195215999,0.40251345020678553,0.8616520300369097,"0.862, 0.403","0.537, 0.782","0.660, 0.531","0.537, 0.782"
KNN + Gradient Boosting + KNN,2,0.8931718573863983,0.6797410402203425,0.7220451037417777,0.20051703978183782,0.15785608316381117,0.26878659726740406,0.5513092962098268,0.7293231193572342,0.5625711218413252,0.1764705882352941,0.9486716554473564,0.5798771121351767,0.7439059925244162,"0.744, 0.580","0.949, 0.176","0.834, 0.269","0.949, 0.176"
Logistic Regression + Naive Bayes + KNN,2,0.7454435754978634,0.537120553436498,0.7220256173183606,0.24933515660953892,0.20026958354197,0.509584731986404,0.5574168851496455,0.5630831206972602,0.6345571095571095,0.8,0.46911421911421913,0.37424456389698735,0.8568171454628364,"0.857, 0.374","0.469, 0.800","0.605, 0.510","0.469, 0.800"
Naive Bayes + Logistic Regression + Naive Bayes,2,0.7184610675196161,0.5174141640698153,0.7215278605396802,0.2820172908572416,0.24970352630005455,0.5254387175814885,0.6030117607927056,0.6182084410472304,0.6561837717898741,0.7441176470588236,0.5682498965209246,0.4061411104925672,0.8484750950408706,"0.848, 0.406","0.568, 0.744","0.681, 0.525","0.568, 0.744"
Random Forest + Naive Bayes + Random Forest,2,0.8821571478732007,0.8307134698850225,0.7211796278213265,0.30809361010299074,0.28247298459309506,0.5368213372305444,0.6266621447655811,0.6491351248736746,0.6698176365507316,0.7176470588235294,0.6219882142779338,0.43047046294556157,0.8490183286101654,"0.849, 0.430","0.622, 0.718","0.717, 0.537","0.622, 0.718"
Gradient Boosting + KNN + KNN,2,0.890860002421987,0.6735197332779719,0.7211100677771927,0.1847863537391683,0.15456553811464008,0.28299125666864255,0.555174240767723,0.7218050150473755,0.5626424999775741,0.19411764705882353,0.9311673528963249,0.5290818988002086,0.7444574420677361,"0.744, 0.529","0.931, 0.194","0.827, 0.283","0.931, 0.194"
Gradient Boosting + Gradient Boosting + KNN,2,0.9563190608029806,0.8242274910553926,0.7208045882557977,0.18129565061373548,0.149066095298088,0.2748419150858175,0.550941365706174,0.7209730822273466,0.5602908819236472,0.18823529411764706,0.9323464697296473,0.5326086956521738,0.743370188710616,"0.743, 0.533","0.932, 0.188","0.827, 0.275","0.932, 0.188"
Gradient Boosting + Naive Bayes + Logistic Regression,2,0.8287880015958631,0.6901254327921735,0.7188865010745165,0.27215679978413976,0.23009812730720863,0.5204604228994474,0.5836488980263049,0.5939986376402142,0.6490529422016502,0.776470588235294,0.5216352961680064,0.39219437874801805,0.856301305143802,"0.856, 0.392","0.522, 0.776","0.647, 0.520","0.522, 0.776"
KNN + Naive Bayes + Random Forest,2,0.818916081780293,0.6608782354110048,0.7180881744240732,0.2900071944141232,0.2685015526337317,0.5244820090296884,0.6217489699375277,0.6474545089083813,0.659772397293013,0.6882352941176471,0.631309500468379,0.42512908777969016,0.8380848445222208,"0.838, 0.425","0.631, 0.688","0.719, 0.524","0.631, 0.688"
Logistic Regression + Random Forest + Naive Bayes,2,0.8203504469997049,0.6645027655027278,0.7177161142870323,0.2635463639922889,0.25832818261165685,0.4527777777777778,0.6254798754600999,0.7076119061311774,0.6307592512856395,0.45294117647058824,0.8085773261006906,0.47513111888111886,0.7929447852760736,"0.793, 0.475","0.809, 0.453","0.798, 0.453","0.809, 0.453"
Random Forest + Naive Bayes + Gradient Boosting,2,0.8816472918383309,0.8165290727219019,0.7176449764272744,0.2936958547557251,0.27557801061341214,0.5263902772662703,0.6272329280230373,0.6549781966599851,0.6614739713282869,0.6764705882352942,0.6464773544212796,0.4319090136054422,0.8352021715566162,"0.835, 0.432","0.646, 0.676","0.728, 0.526","0.646, 0.676"
Naive Bayes + Naive Bayes + KNN,2,0.719057233539779,0.5296337964109219,0.7166786003990512,0.21171310423780262,0.15526342651192465,0.4918387946527487,0.513110047495748,0.5154745087967124,0.6092995491772293,0.8264705882352941,0.39212851011916433,0.3508001903426167,0.8546113306982872,"0.855, 0.351","0.392, 0.826","0.534, 0.492","0.392, 0.826"
KNN + Naive Bayes + Gradient Boosting,2,0.8184062257454231,0.6466938382478842,0.7161496717502764,0.28164864699966985,0.2674329563014706,0.5165912518853695,0.625506836428007,0.6574725992596356,0.6543438465511033,0.6470588235294118,0.6616288695727948,0.43067226890756305,0.8263251783893986,"0.826, 0.431","0.662, 0.647","0.734, 0.517","0.662, 0.647"
Logistic Regression + Gradient Boosting + Naive Bayes,2,0.8199612257817317,0.6452527671154957,0.7159297867241793,0.271867545114674,0.26669799750857043,0.45910305181381383,0.6298395330651432,0.7109549918760922,0.6348686520552931,0.45882352941176474,0.8109137746988214,0.48126387256822045,0.7952077481028048,"0.795, 0.481","0.811, 0.459","0.801, 0.459","0.811, 0.459"
SVM + Random Forest + Naive Bayes,2,0.8128379195174138,0.6597419795943933,0.7150720797436025,0.27375135791584393,0.26675446898982397,0.436468952734013,0.6278777283610047,0.7276676288797941,0.6261428831384852,0.3911764705882353,0.861109295688735,0.5166666666666667,0.7835024603017249,"0.784, 0.517","0.861, 0.391","0.819, 0.436","0.861, 0.391"
Logistic Regression + SVM + Naive Bayes,2,0.730414486557972,0.5068746340386965,0.7147919974473025,0.2636556149878482,0.25861513331674957,0.4534946619217082,0.6258762492016356,0.7076077185498685,0.6298714136330958,0.44999999999999996,0.8097428272661917,0.47851021753460776,0.7915597755808619,"0.792, 0.479","0.810, 0.450","0.798, 0.453","0.810, 0.450"
SVM + SVM + Naive Bayes,2,0.7229019590756809,0.502113848130362,0.7145485653250909,0.27841570142730726,0.27023380468259833,0.437012144794246,0.629195771577151,0.7301718025024986,0.6270046588009754,0.38823529411764707,0.8657740234843039,0.5252514367816092,0.7835108090753424,"0.784, 0.525","0.866, 0.388","0.821, 0.437","0.866, 0.388"
Gradient Boosting + Naive Bayes + Random Forest,2,0.882063285196875,0.8053646862460548,0.7141870773536524,0.28826815793931904,0.26968702878883116,0.5234453046953047,0.6236094973866713,0.6508031780950414,0.6585588568477518,0.6764705882352942,0.6406471254602095,0.42809611315291235,0.8339641323660054,"0.834, 0.428","0.641, 0.676","0.724, 0.523","0.641, 0.676"
Logistic Regression + KNN + Naive Bayes,2,0.7545021674007382,0.494545009338075,0.7136344574428686,0.2816357934009801,0.2767159287454509,0.46344964987840964,0.6350221888594465,0.7176383716450494,0.6377645123796856,0.4529411764705882,0.822587848288783,0.4953662739253947,0.7950302814392589,"0.795, 0.495","0.823, 0.453","0.807, 0.463","0.823, 0.453"
Random Forest + Logistic Regression + Naive Bayes,2,0.8383631265503173,0.687320110625508,0.7135392919340142,0.2860332106286774,0.2797032420692639,0.46718430653448706,0.6359671894376653,0.7167994595228391,0.6407235814396341,0.4647058823529412,0.8167412805263272,0.4955292954708842,0.7982958098811758,"0.798, 0.496","0.817, 0.465","0.805, 0.467","0.817, 0.465"
Gradient Boosting + Naive Bayes + Gradient Boosting,2,0.8815534291620053,0.7911802890829343,0.7132611478680747,0.2572452895054611,0.24608112766141121,0.5013471151402186,0.6152291192164024,0.6491351248736746,0.6405312481178341,0.6205882352941177,0.6604742609415506,0.42107316296473213,0.814387844808997,"0.814, 0.421","0.660, 0.621","0.729, 0.501","0.660, 0.621"
SVM + Gradient Boosting + Naive Bayes,2,0.8124486982994406,0.6404919812071611,0.7132112985054162,0.27612569078014004,0.26653725429495373,0.4268689599919884,0.6261710608213122,0.7335176799682861,0.6231330516652123,0.36764705882352944,0.878619044506895,0.5330180852828936,0.7800396282492805,"0.780, 0.533","0.879, 0.368","0.825, 0.427","0.879, 0.368"
KNN + Logistic Regression + Naive Bayes,2,0.7751220604574096,0.5174848761514903,0.7128348813546725,0.2899130025338461,0.28304273720840345,0.46587837837837837,0.6374060570213607,0.7209730822273466,0.6400914300103415,0.4529411764705882,0.8272416835500948,0.5075000000000001,0.7961108358694883,"0.796, 0.508","0.827, 0.453","0.809, 0.466","0.827, 0.453"
Random Forest + Naive Bayes + SVM,2,0.8284408501217188,0.7067837908127463,0.7119770382174175,0.289523518982142,0.2628500147233861,0.5272630078403422,0.6145092340691811,0.6349336407948587,0.6598972609761504,0.7176470588235293,0.6021474631287715,0.4178856617906862,0.844233477760695,"0.844, 0.418","0.602, 0.718","0.702, 0.527","0.602, 0.718"
SVM + KNN + Naive Bayes,2,0.746989639918447,0.4897842234297405,0.7109564157667511,0.2903289554526647,0.28008028034956983,0.4428453947368421,0.6340838482428492,0.7351787538874712,0.6296174093452818,0.3852941176470588,0.8739407010435047,0.545219638242894,0.7836366822174037,"0.784, 0.545","0.874, 0.385","0.825, 0.443","0.874, 0.385"
Gradient Boosting + Logistic Regression + Naive Bayes,2,0.8382692638739918,0.6619713269865404,0.710031046926319,0.2709523077633894,0.2657094612438833,0.4578267477203647,0.6292840099194841,0.7109535960156559,0.6339808144027494,0.4558823529411765,0.8120792758643225,0.4821270962047661,0.7943924502316264,"0.794, 0.482","0.812, 0.456","0.801, 0.458","0.812, 0.456"
KNN + Naive Bayes + SVM,2,0.765199784028811,0.5369485563387286,0.708630459242059,0.27998827131787984,0.25895640072940906,0.5204433864008332,0.6158279513490477,0.6399447797611404,0.6545221957811292,0.6882352941176471,0.6208090974446114,0.41928571428571426,0.8343840333066959,"0.834, 0.419","0.621, 0.688","0.711, 0.520","0.621, 0.688"
Naive Bayes + Naive Bayes + Naive Bayes,2,0.6761212529148208,0.4877294783621742,0.7085417491615953,0.22023748089758177,0.1620581418548364,0.49588032291859246,0.5174725285794499,0.5196509232220925,0.6139889773960692,0.8323529411764705,0.3956250136156678,0.35374365084341886,0.8593358395989975,"0.859, 0.354","0.396, 0.832","0.539, 0.496","0.396, 0.832"
KNN + KNN + Naive Bayes,2,0.7847768183804469,0.48712896439417397,0.7081362585554449,0.24425713805573732,0.23299099642706078,0.396243338099571,0.6079118530492336,0.7234828392917962,0.6063670226603157,0.33529411764705885,0.8774399276735725,0.5140277777777778,0.7706686955644484,"0.771, 0.514","0.877, 0.335","0.820, 0.396","0.877, 0.335"
Random Forest + Naive Bayes + KNN,2,0.8389592925704801,0.6995397429666148,0.70733780375754,0.2818997751590995,0.26338267089215867,0.5197437860882883,0.6204208140581815,0.6474531130479451,0.6553304858967312,0.6735294117647059,0.6371315600287564,0.423859126984127,0.8319517499024218,"0.832, 0.424","0.637, 0.674","0.721, 0.520","0.637, 0.674"
KNN + Naive Bayes + KNN,2,0.7757182264775723,0.5297045084925969,0.7072012306000761,0.2638751667053687,0.24878514861845186,0.5085338333916029,0.6142729366476418,0.6432697193203835,0.6453031392283728,0.6499999999999999,0.6406062784567458,0.4176674100760565,0.8219360448958735,"0.822, 0.418","0.641, 0.650","0.720, 0.509","0.641, 0.650"
Naive Bayes + SVM + Naive Bayes,2,0.7040281445998873,0.49938787701312043,0.7069725995097077,0.2467099976692251,0.23955511872158802,0.44259192915736584,0.6150311838906279,0.6958992412102668,0.6216897588392916,0.44999999999999996,0.7933795176785831,0.4645865638489586,0.7887154471544715,"0.789, 0.465","0.793, 0.450","0.787, 0.443","0.793, 0.450"
Gradient Boosting + Naive Bayes + SVM,2,0.8283469874453931,0.6814350071737787,0.7069608900353814,0.2518830728263175,0.2339136942188253,0.5034094099715214,0.6034593156414985,0.6290863814272394,0.6389531761989156,0.6617647058823529,0.6161416465154783,0.4069374607165305,0.8213647835371772,"0.821, 0.407","0.616, 0.662","0.704, 0.503","0.616, 0.662"
Naive Bayes + KNN + Naive Bayes,2,0.7281158254426535,0.487058252312499,0.7069304950592745,0.25381607116138655,0.24942992646406098,0.47922419603835537,0.622185491492592,0.6775213427060709,0.6328245238360686,0.5294117647058824,0.7362372829662549,0.4434124784660325,0.7995071828899054,"0.800, 0.443","0.736, 0.529","0.765, 0.479","0.736, 0.529"
Naive Bayes + Random Forest + Naive Bayes,2,0.7939641050416202,0.6570160084771517,0.7046888755829108,0.27100297225984676,0.26710575152815047,0.48940936411826025,0.6316687484138976,0.6875547875221244,0.6416068218019839,0.5352941176470588,0.7479195259569091,0.45551794527273193,0.8041690300623936,"0.804, 0.456","0.748, 0.535","0.774, 0.489","0.748, 0.535"
Naive Bayes + Gradient Boosting + Naive Bayes,2,0.7935748838236469,0.6377660100899196,0.7036566157408654,0.256385762293117,0.2512842579015566,0.48207196824177234,0.6228593069377205,0.6766894098860419,0.6349039246441666,0.538235294117647,0.731572555170686,0.4420896458554473,0.8019240483078477,"0.802, 0.442","0.732, 0.538","0.764, 0.482","0.732, 0.538"
Gradient Boosting + Naive Bayes + KNN,2,0.8388654298941545,0.674190959327647,0.7009927744053637,0.2645797448530106,0.25129888474785644,0.5065374447394129,0.6169828854670583,0.6491267497110569,0.6449649901134233,0.6352941176470588,0.6546358625797879,0.42191978175241773,0.8195438932276091,"0.820, 0.422","0.655, 0.635","0.727, 0.507","0.655, 0.635"
SVM + Naive Bayes + Naive Bayes,2,0.6949950673906145,0.49045544947941566,0.7007651524762575,0.2373330212335838,0.2306700578728405,0.4339957716701903,0.6106509518971517,0.6942270004075912,0.616087792544637,0.43529411764705883,0.7968814674422151,0.46144393241167436,0.7843545113540968,"0.784, 0.461","0.797, 0.435","0.787, 0.434","0.797, 0.435"
Logistic Regression + Naive Bayes + Naive Bayes,2,0.7025075948729055,0.49521623538775017,0.7001651180045902,0.23167889718820106,0.20205361439567737,0.49860479750933584,0.5745332662861334,0.5881248569243053,0.6280789029552085,0.7205882352941176,0.5355695706162995,0.3812178221654473,0.8283220111353057,"0.828, 0.381","0.536, 0.721","0.650, 0.499","0.536, 0.721"
KNN + SVM + Naive Bayes,2,0.7606891375376807,0.49945858909479546,0.6996857343682523,0.26245437370590935,0.2524930780755711,0.4178287289356637,0.6196598107375981,0.7276606495776126,0.6154983622754375,0.3558823529411764,0.8751143716096987,0.5256684491978609,0.7753602428699705,"0.775, 0.526","0.875, 0.356","0.821, 0.418","0.875, 0.356"
KNN + Random Forest + Naive Bayes,2,0.8506250979794135,0.6570867205588267,0.699107220660959,0.24680375884931582,0.23409717332790697,0.3964467140083513,0.6089276660260354,0.7251494966527267,0.6048758187020968,0.3264705882352941,0.8832810491688996,0.5246451860375911,0.7686654011224827,"0.769, 0.525","0.883, 0.326","0.821, 0.396","0.883, 0.326"
KNN + Gradient Boosting + Naive Bayes,2,0.8502358767614404,0.6378367221715947,0.6986502147751461,0.23375240876396977,0.2206409662986048,0.3845346819643025,0.601718139612232,0.7209688946460378,0.5984079920446055,0.31470588235294117,0.88211010173627,0.5154654505799543,0.7652005546120587,"0.765, 0.515","0.882, 0.315","0.819, 0.385","0.882, 0.315"
Random Forest + SVM + Naive Bayes,2,0.8239302036305884,0.6692938235688132,0.6978766446124884,0.2753698137732502,0.2664325998668718,0.4353480538922156,0.6272643737916899,0.7276592537171763,0.6252495992188131,0.3882352941176471,0.8622639043199791,0.5241066364152014,0.7827229363731911,"0.783, 0.524","0.862, 0.388","0.819, 0.435","0.862, 0.388"
Random Forest + Gradient Boosting + Naive Bayes,2,0.9134769428543481,0.8076719566456124,0.6970970675375567,0.25384251671960845,0.24262738941334638,0.4069264069264069,0.6140206954160442,0.7259870129145007,0.6098950344140008,0.3411764705882353,0.8786135982397665,0.5242135030045953,0.7718610713985368,"0.772, 0.524","0.879, 0.341","0.821, 0.407","0.879, 0.341"
Gradient Boosting + SVM + Naive Bayes,2,0.823836340954263,0.6439450399298456,0.6961763680702658,0.2517388769106065,0.24214568176989332,0.4115296591822849,0.6146015125565772,0.7226439271695859,0.61110721329248,0.3529411764705882,0.8692732501143716,0.5148459383753501,0.7733549311085612,"0.773, 0.515","0.869, 0.353","0.818, 0.412","0.869, 0.353"
Random Forest + Random Forest + Naive Bayes,2,0.9138661640723214,0.8269219550328445,0.6959332322890597,0.2539194236788016,0.24425867685795044,0.41368592371419133,0.6154558457277115,0.7226439271695859,0.6128788038972206,0.3588235294117647,0.8669340783826764,0.5144499566895031,0.774845396742444,"0.775, 0.514","0.867, 0.359","0.817, 0.414","0.867, 0.359"
Random Forest + KNN + Naive Bayes,2,0.8480178844733546,0.6569641988681917,0.6958393802916893,0.24980405069212622,0.2391737078165065,0.40490696733744563,0.611821544642137,0.7234814434313599,0.6099142885701434,0.34705882352941175,0.8727697536108752,0.5151006711409396,0.7729439274309726,"0.773, 0.515","0.873, 0.347","0.819, 0.405","0.873, 0.347"
Gradient Boosting + Gradient Boosting + Naive Bayes,2,0.9133830801780225,0.7823231730066449,0.6943253180299633,0.24270309627800263,0.23165488617109825,0.39701298701298704,0.6080671617696933,0.7226453230300222,0.6048991575585858,0.3323529411764706,0.8774453739407011,0.5144927536231885,0.7693243696071039,"0.769, 0.514","0.877, 0.332","0.819, 0.397","0.877, 0.332"
KNN + Naive Bayes + Naive Bayes,2,0.7327822458526142,0.48780019044384915,0.6938716199505095,0.23636070950764249,0.231034441913697,0.4689025250387925,0.6121349823083793,0.6666587567908611,0.6243486745067284,0.5264705882352941,0.7222267607781627,0.42928078113836626,0.7957782957782957,"0.796, 0.429","0.722, 0.526","0.755, 0.469","0.722, 0.526"
Gradient Boosting + Random Forest + Naive Bayes,2,0.9137723013959957,0.8015731713938768,0.6933751366372312,0.24715699440757072,0.23559762926754874,0.40021929824561403,0.6103085986767467,0.7243147721118252,0.6060673818576512,0.33235294117647063,0.8797818225388319,0.5210229341099382,0.7695278630027347,"0.770, 0.521","0.880, 0.332","0.820, 0.400","0.880, 0.332"
Gradient Boosting + KNN + Naive Bayes,2,0.847924021797029,0.6316154152292242,0.6922173483470899,0.2488816415129214,0.23838750254979618,0.40444444444444444,0.6117042789567538,0.7234814434313599,0.6090291740511642,0.34411764705882353,0.8739407010435047,0.5155172413793103,0.7721101455932831,"0.772, 0.516","0.874, 0.344","0.819, 0.404","0.874, 0.344"
Random Forest + Naive Bayes + Naive Bayes,2,0.796023311945522,0.6576354249178669,0.6828668044892618,0.2332777135214627,0.23023700594162277,0.45937548069527767,0.6133857533795751,0.6758588729264493,0.6210172249410842,0.49411764705882355,0.7479168028233449,0.4348214285714286,0.7904419378022487,"0.790, 0.435","0.748, 0.494","0.767, 0.459","0.748, 0.494"
Gradient Boosting + Naive Bayes + Naive Bayes,2,0.7959294492691964,0.6322866412788992,0.6798778930891355,0.2279812803340025,0.2244106017500378,0.45694054413141283,0.6101940282993887,0.6716838543615056,0.6189872249795284,0.4970588235294118,0.7409156264296451,0.42859453339802683,0.7902209571294798,"0.790, 0.429","0.741, 0.497","0.763, 0.457","0.741, 0.497"
